Title,Description,Keywords,verb1,statement1,ppls1,source1,verb2,statement2,ppls2,source2,verb3,statement3,ppls3,source3,Answer.sphere_1,Answer.sphere_2,Answer.sphere_3
Who does the action affect?,Tell us which social sphere is most affected by the action described in the statement.,"english, commonsense",committing,committing genocide against the indigenous people,28.11517407,basic,requesting,requesting a different nurse,280.2807498,basic,supplying,supplying cash flow to get a new business running,105.123349,expanded,2,0,1
Who does the action affect?,Tell us which social sphere is most affected by the action described in the statement.,"english, commonsense",committing,committing genocide against the indigenous people,28.11517407,basic,requesting,requesting a different nurse,280.2807498,basic,supplying,supplying cash flow to get a new business running,105.123349,expanded,2,1,0
Who does the action affect?,Tell us which social sphere is most affected by the action described in the statement.,"english, commonsense",committing,committing genocide against the indigenous people,28.11517407,basic,requesting,requesting a different nurse,280.2807498,basic,supplying,supplying cash flow to get a new business running,105.123349,expanded,2,1,0
Who does the action affect?,Tell us which social sphere is most affected by the action described in the statement.,"english, commonsense",committing,committing suicide because it hurts many people,120.0602013,expanded,establishing,establishing discipline,322.5925512,basic,flushing,flushing your fish because it's the kind things to do,148.1666251,expanded,2,2,3
Who does the action affect?,Tell us which social sphere is most affected by the action described in the statement.,"english, commonsense",committing,committing suicide because it hurts many people,120.0602013,expanded,establishing,establishing discipline,322.5925512,basic,flushing,flushing your fish because it's the kind things to do,148.1666251,expanded,1,2,1
Who does the action affect?,Tell us which social sphere is most affected by the action described in the statement.,"english, commonsense",committing,committing suicide because it hurts many people,120.0602013,expanded,establishing,establishing discipline,322.5925512,basic,flushing,flushing your fish because it's the kind things to do,148.1666251,expanded,0,0,1
Who does the action affect?,Tell us which social sphere is most affected by the action described in the statement.,"english, commonsense",committing,committing,915.3738853,basic,supplying,supplying a sufficient amount,61.99396542,basic,establishing,establishing boundaries,111.2564888,basic,1,4,2
Who does the action affect?,Tell us which social sphere is most affected by the action described in the statement.,"english, commonsense",committing,committing,915.3738853,basic,supplying,supplying a sufficient amount,61.99396542,basic,establishing,establishing boundaries,111.2564888,basic,4,4,1
Who does the action affect?,Tell us which social sphere is most affected by the action described in the statement.,"english, commonsense",committing,committing,915.3738853,basic,supplying,supplying a sufficient amount,61.99396542,basic,establishing,establishing boundaries,111.2564888,basic,0,2,1
Who does the action affect?,Tell us which social sphere is most affected by the action described in the statement.,"english, commonsense",referring,referring able,727.1958872,basic,separating,separating a group,87.89301296,basic,referring,referring a teenager,276.675322,basic,4,2,1
Who does the action affect?,Tell us which social sphere is most affected by the action described in the statement.,"english, commonsense",referring,referring able,727.1958872,basic,separating,separating a group,87.89301296,basic,referring,referring a teenager,276.675322,basic,4,2,1
Who does the action affect?,Tell us which social sphere is most affected by the action described in the statement.,"english, commonsense",referring,referring able,727.1958872,basic,separating,separating a group,87.89301296,basic,referring,referring a teenager,276.675322,basic,4,2,1
Who does the action affect?,Tell us which social sphere is most affected by the action described in the statement.,"english, commonsense",excluding,excluding from an event that they are interested in,43.58298344,expanded,requesting,requesting a refund,51.98413327,basic,discounting,discounting darwinian theory because you do not like humans,77.22066246,expanded,0,0,2
Who does the action affect?,Tell us which social sphere is most affected by the action described in the statement.,"english, commonsense",excluding,excluding from an event that they are interested in,43.58298344,expanded,requesting,requesting a refund,51.98413327,basic,discounting,discounting darwinian theory because you do not like humans,77.22066246,expanded,4,2,2
Who does the action affect?,Tell us which social sphere is most affected by the action described in the statement.,"english, commonsense",excluding,excluding from an event that they are interested in,43.58298344,expanded,requesting,requesting a refund,51.98413327,basic,discounting,discounting darwinian theory because you do not like humans,77.22066246,expanded,1,0,0
Who does the action affect?,Tell us which social sphere is most affected by the action described in the statement.,"english, commonsense",establishing,establishing boundaries with your spouse,69.83412183,expanded,defrauding,defrauding people,38.83695841,basic,flushing,flushing when you are done using the urinal,46.63080715,expanded,1,4,0
Who does the action affect?,Tell us which social sphere is most affected by the action described in the statement.,"english, commonsense",establishing,establishing boundaries with your spouse,69.83412183,expanded,defrauding,defrauding people,38.83695841,basic,flushing,flushing when you are done using the urinal,46.63080715,expanded,1,2,4
Who does the action affect?,Tell us which social sphere is most affected by the action described in the statement.,"english, commonsense",establishing,establishing boundaries with your spouse,69.83412183,expanded,defrauding,defrauding people,38.83695841,basic,flushing,flushing when you are done using the urinal,46.63080715,expanded,1,1,3
Who does the action affect?,Tell us which social sphere is most affected by the action described in the statement.,"english, commonsense",purchasing,purchasing your bike if you need one,60.00798601,expanded,discounting,discounting the ideas of others because of their gender,26.30557072,expanded,subjecting,subjecting others,103.5659124,basic,1,2,4
Who does the action affect?,Tell us which social sphere is most affected by the action described in the statement.,"english, commonsense",purchasing,purchasing your bike if you need one,60.00798601,expanded,discounting,discounting the ideas of others because of their gender,26.30557072,expanded,subjecting,subjecting others,103.5659124,basic,0,2,4
Who does the action affect?,Tell us which social sphere is most affected by the action described in the statement.,"english, commonsense",purchasing,purchasing your bike if you need one,60.00798601,expanded,discounting,discounting the ideas of others because of their gender,26.30557072,expanded,subjecting,subjecting others,103.5659124,basic,0,2,4
Who does the action affect?,Tell us which social sphere is most affected by the action described in the statement.,"english, commonsense",establishing,establishing good relations,46.47316898,basic,separating,separating a group from sitting together,162.9517852,expanded,masturbating,masturbating for several hours,28.58490988,basic,2,2,0
Who does the action affect?,Tell us which social sphere is most affected by the action described in the statement.,"english, commonsense",establishing,establishing good relations,46.47316898,basic,separating,separating a group from sitting together,162.9517852,expanded,masturbating,masturbating for several hours,28.58490988,basic,1,2,0
Who does the action affect?,Tell us which social sphere is most affected by the action described in the statement.,"english, commonsense",establishing,establishing good relations,46.47316898,basic,separating,separating a group from sitting together,162.9517852,expanded,masturbating,masturbating for several hours,28.58490988,basic,0,2,0
Who does the action affect?,Tell us which social sphere is most affected by the action described in the statement.,"english, commonsense",obtaining,obtaining help for a harmful addiction,265.8381459,expanded,obtaining,obtaining a lawyer before going to court,42.14984895,expanded,excluding,excluding family members from our children's lives,86.32897637,expanded,0,0,1
Who does the action affect?,Tell us which social sphere is most affected by the action described in the statement.,"english, commonsense",obtaining,obtaining help for a harmful addiction,265.8381459,expanded,obtaining,obtaining a lawyer before going to court,42.14984895,expanded,excluding,excluding family members from our children's lives,86.32897637,expanded,0,0,2
Who does the action affect?,Tell us which social sphere is most affected by the action described in the statement.,"english, commonsense",obtaining,obtaining help for a harmful addiction,265.8381459,expanded,obtaining,obtaining a lawyer before going to court,42.14984895,expanded,excluding,excluding family members from our children's lives,86.32897637,expanded,0,0,1
Who does the action affect?,Tell us which social sphere is most affected by the action described in the statement.,"english, commonsense",trivializing,trivializing an event such as the holocaust,75.24748421,basic,considering,considering a career change,37.37554976,basic,sharing,sharing things with your buddies,104.1660809,expanded,2,0,2
Who does the action affect?,Tell us which social sphere is most affected by the action described in the statement.,"english, commonsense",trivializing,trivializing an event such as the holocaust,75.24748421,basic,considering,considering a career change,37.37554976,basic,sharing,sharing things with your buddies,104.1660809,expanded,2,0,1
Who does the action affect?,Tell us which social sphere is most affected by the action described in the statement.,"english, commonsense",trivializing,trivializing an event such as the holocaust,75.24748421,basic,considering,considering a career change,37.37554976,basic,sharing,sharing things with your buddies,104.1660809,expanded,2,0,1
Who does the action affect?,Tell us which social sphere is most affected by the action described in the statement.,"english, commonsense",supplying,supplying cash flow,251.567792,basic,separating,separating one work from their personal life,84.19356959,expanded,flushing,flushing,273.8993064,basic,4,0,4
Who does the action affect?,Tell us which social sphere is most affected by the action described in the statement.,"english, commonsense",supplying,supplying cash flow,251.567792,basic,separating,separating one work from their personal life,84.19356959,expanded,flushing,flushing,273.8993064,basic,4,0,3
Who does the action affect?,Tell us which social sphere is most affected by the action described in the statement.,"english, commonsense",supplying,supplying cash flow,251.567792,basic,separating,separating one work from their personal life,84.19356959,expanded,flushing,flushing,273.8993064,basic,0,0,1
Who does the action affect?,Tell us which social sphere is most affected by the action described in the statement.,"english, commonsense",defrauding,defrauding your family into thinking that you are better in regards to your illness,35.57945778,expanded,committing,committing a crime in response to a crime,18.0188977,expanded,purchasing,purchasing your materials before starting a project,85.31880781,expanded,1,2,0
Who does the action affect?,Tell us which social sphere is most affected by the action described in the statement.,"english, commonsense",defrauding,defrauding your family into thinking that you are better in regards to your illness,35.57945778,expanded,committing,committing a crime in response to a crime,18.0188977,expanded,purchasing,purchasing your materials before starting a project,85.31880781,expanded,1,0,0
Who does the action affect?,Tell us which social sphere is most affected by the action described in the statement.,"english, commonsense",defrauding,defrauding your family into thinking that you are better in regards to your illness,35.57945778,expanded,committing,committing a crime in response to a crime,18.0188977,expanded,purchasing,purchasing your materials before starting a project,85.31880781,expanded,2,2,0
Who does the action affect?,Tell us which social sphere is most affected by the action described in the statement.,"english, commonsense",trivializing,trivializing real addiction with frivolous remarks about liking a food,674.3801315,expanded,excluding,excluding members for their personal lifestyle,603.9028805,expanded,considering,considering yourself when you were born after 1995,149.8354507,expanded,2,2,4
Who does the action affect?,Tell us which social sphere is most affected by the action described in the statement.,"english, commonsense",trivializing,trivializing real addiction with frivolous remarks about liking a food,674.3801315,expanded,excluding,excluding members for their personal lifestyle,603.9028805,expanded,considering,considering yourself when you were born after 1995,149.8354507,expanded,0,1,0
Who does the action affect?,Tell us which social sphere is most affected by the action described in the statement.,"english, commonsense",trivializing,trivializing real addiction with frivolous remarks about liking a food,674.3801315,expanded,excluding,excluding members for their personal lifestyle,603.9028805,expanded,considering,considering yourself when you were born after 1995,149.8354507,expanded,2,2,0
Who does the action affect?,Tell us which social sphere is most affected by the action described in the statement.,"english, commonsense",separating,separating a bully from you,169.4883633,expanded,sharing,sharing .'s partner with each other,328.5248032,expanded,flushing,flushing sanitary pads instead of throwing them away,36.13128284,expanded,1,1,0
Who does the action affect?,Tell us which social sphere is most affected by the action described in the statement.,"english, commonsense",separating,separating a bully from you,169.4883633,expanded,sharing,sharing .'s partner with each other,328.5248032,expanded,flushing,flushing sanitary pads instead of throwing them away,36.13128284,expanded,0,2,3
Who does the action affect?,Tell us which social sphere is most affected by the action described in the statement.,"english, commonsense",separating,separating a bully from you,169.4883633,expanded,sharing,sharing .'s partner with each other,328.5248032,expanded,flushing,flushing sanitary pads instead of throwing them away,36.13128284,expanded,1,1,3
Who does the action affect?,Tell us which social sphere is most affected by the action described in the statement.,"english, commonsense",considering,considering 90's kid,345.1156919,basic,referring,referring people when they need someone specific,122.5691997,expanded,excluding,excluding family members because we don't get along with them,28.7002475,expanded,4,4,1
Who does the action affect?,Tell us which social sphere is most affected by the action described in the statement.,"english, commonsense",considering,considering 90's kid,345.1156919,basic,referring,referring people when they need someone specific,122.5691997,expanded,excluding,excluding family members because we don't get along with them,28.7002475,expanded,4,1,2
Who does the action affect?,Tell us which social sphere is most affected by the action described in the statement.,"english, commonsense",considering,considering 90's kid,345.1156919,basic,referring,referring people when they need someone specific,122.5691997,expanded,excluding,excluding family members because we don't get along with them,28.7002475,expanded,4,1,1
Who does the action affect?,Tell us which social sphere is most affected by the action described in the statement.,"english, commonsense",requesting,requesting no gifts at your party if that's how you want the event to be held,43.37331993,expanded,discounting,discounting darwinian theory of evolution,51.65687589,basic,flushing,flushing the toilet,25.05216621,basic,0,4,3
Who does the action affect?,Tell us which social sphere is most affected by the action described in the statement.,"english, commonsense",requesting,requesting no gifts at your party if that's how you want the event to be held,43.37331993,expanded,discounting,discounting darwinian theory of evolution,51.65687589,basic,flushing,flushing the toilet,25.05216621,basic,0,0,3
Who does the action affect?,Tell us which social sphere is most affected by the action described in the statement.,"english, commonsense",requesting,requesting no gifts at your party if that's how you want the event to be held,43.37331993,expanded,discounting,discounting darwinian theory of evolution,51.65687589,basic,flushing,flushing the toilet,25.05216621,basic,0,4,0
Who does the action affect?,Tell us which social sphere is most affected by the action described in the statement.,"english, commonsense",supplying,supplying an amount,175.6627125,basic,representing,representing them as real,61.50184609,expanded,bullying,bullying a person for not fitting in,31.79548912,expanded,1,2,2
Who does the action affect?,Tell us which social sphere is most affected by the action described in the statement.,"english, commonsense",supplying,supplying an amount,175.6627125,basic,representing,representing them as real,61.50184609,expanded,bullying,bullying a person for not fitting in,31.79548912,expanded,4,4,1
Who does the action affect?,Tell us which social sphere is most affected by the action described in the statement.,"english, commonsense",supplying,supplying an amount,175.6627125,basic,representing,representing them as real,61.50184609,expanded,bullying,bullying a person for not fitting in,31.79548912,expanded,4,0,1
Who does the action affect?,Tell us which social sphere is most affected by the action described in the statement.,"english, commonsense",requesting,requesting a nurse,292.672507,basic,considering,considering a 90's kid when you were born after 1995,112.6291969,expanded,excluding,excluding family from events,3489.305462,basic,0,0,2
Who does the action affect?,Tell us which social sphere is most affected by the action described in the statement.,"english, commonsense",requesting,requesting a nurse,292.672507,basic,considering,considering a 90's kid when you were born after 1995,112.6291969,expanded,excluding,excluding family from events,3489.305462,basic,0,0,2
Who does the action affect?,Tell us which social sphere is most affected by the action described in the statement.,"english, commonsense",requesting,requesting a nurse,292.672507,basic,considering,considering a 90's kid when you were born after 1995,112.6291969,expanded,excluding,excluding family from events,3489.305462,basic,0,0,1
Who does the action affect?,Tell us which social sphere is most affected by the action described in the statement.,"english, commonsense",requesting,requesting a nurse if you think the nurse you have is bring rude,131.9181825,expanded,committing,committing acts with relatives,519.3251073,expanded,scolding,scolding a couple for having multiple children,87.69720528,expanded,0,2,1
Who does the action affect?,Tell us which social sphere is most affected by the action described in the statement.,"english, commonsense",requesting,requesting a nurse if you think the nurse you have is bring rude,131.9181825,expanded,committing,committing acts with relatives,519.3251073,expanded,scolding,scolding a couple for having multiple children,87.69720528,expanded,0,2,1
Who does the action affect?,Tell us which social sphere is most affected by the action described in the statement.,"english, commonsense",requesting,requesting a nurse if you think the nurse you have is bring rude,131.9181825,expanded,committing,committing acts with relatives,519.3251073,expanded,scolding,scolding a couple for having multiple children,87.69720528,expanded,0,2,1
Who does the action affect?,Tell us which social sphere is most affected by the action described in the statement.,"english, commonsense",subjecting,subjecting your children,61.23606045,basic,scolding,scolding people if they are messy,162.7921093,expanded,flushing,flushing pads,2908.028659,basic,1,1,4
Who does the action affect?,Tell us which social sphere is most affected by the action described in the statement.,"english, commonsense",subjecting,subjecting your children,61.23606045,basic,scolding,scolding people if they are messy,162.7921093,expanded,flushing,flushing pads,2908.028659,basic,4,1,3
Who does the action affect?,Tell us which social sphere is most affected by the action described in the statement.,"english, commonsense",subjecting,subjecting your children,61.23606045,basic,scolding,scolding people if they are messy,162.7921093,expanded,flushing,flushing pads,2908.028659,basic,1,1,3
Who does the action affect?,Tell us which social sphere is most affected by the action described in the statement.,"english, commonsense",scolding,scolding your child for wrongdoing,184.9298949,expanded,supplying,supplying an amount when you receive a gift,90.8093596,expanded,referring,referring others when they need it,92.21090224,expanded,1,0,2
Who does the action affect?,Tell us which social sphere is most affected by the action described in the statement.,"english, commonsense",scolding,scolding your child for wrongdoing,184.9298949,expanded,supplying,supplying an amount when you receive a gift,90.8093596,expanded,referring,referring others when they need it,92.21090224,expanded,1,4,1
Who does the action affect?,Tell us which social sphere is most affected by the action described in the statement.,"english, commonsense",scolding,scolding your child for wrongdoing,184.9298949,expanded,supplying,supplying an amount when you receive a gift,90.8093596,expanded,referring,referring others when they need it,92.21090224,expanded,1,1,1
Who does the action affect?,Tell us which social sphere is most affected by the action described in the statement.,"english, commonsense",supplying,supplying a sufficient amount when you receive a gift,80.12264196,expanded,subjecting,subjecting your animal,227.6041314,basic,requesting,requesting the lower bunk if you are afraid of heights,64.00870494,expanded,1,4,0
Who does the action affect?,Tell us which social sphere is most affected by the action described in the statement.,"english, commonsense",supplying,supplying a sufficient amount when you receive a gift,80.12264196,expanded,subjecting,subjecting your animal,227.6041314,basic,requesting,requesting the lower bunk if you are afraid of heights,64.00870494,expanded,0,1,0
Who does the action affect?,Tell us which social sphere is most affected by the action described in the statement.,"english, commonsense",supplying,supplying a sufficient amount when you receive a gift,80.12264196,expanded,subjecting,subjecting your animal,227.6041314,basic,requesting,requesting the lower bunk if you are afraid of heights,64.00870494,expanded,0,1,0
Who does the action affect?,Tell us which social sphere is most affected by the action described in the statement.,"english, commonsense",excluding,excluding family from a special event,553.8647211,expanded,scolding,scolding people when they've not acted maliciously but perhaps had circumstances beyond their control,52.5470283,expanded,masturbating,masturbating when you are turned on,24.70464285,expanded,2,1,0
Who does the action affect?,Tell us which social sphere is most affected by the action described in the statement.,"english, commonsense",excluding,excluding family from a special event,553.8647211,expanded,scolding,scolding people when they've not acted maliciously but perhaps had circumstances beyond their control,52.5470283,expanded,masturbating,masturbating when you are turned on,24.70464285,expanded,2,1,0
Who does the action affect?,Tell us which social sphere is most affected by the action described in the statement.,"english, commonsense",excluding,excluding family from a special event,553.8647211,expanded,scolding,scolding people when they've not acted maliciously but perhaps had circumstances beyond their control,52.5470283,expanded,masturbating,masturbating when you are turned on,24.70464285,expanded,2,1,0
Who does the action affect?,Tell us which social sphere is most affected by the action described in the statement.,"english, commonsense",masturbating,masturbating for several hours because that's lazy and unhealthy,61.97496328,expanded,trivializing,trivializing addictions,361.0401813,basic,discounting,discounting people,70.36087205,basic,0,2,2
Who does the action affect?,Tell us which social sphere is most affected by the action described in the statement.,"english, commonsense",masturbating,masturbating for several hours because that's lazy and unhealthy,61.97496328,expanded,trivializing,trivializing addictions,361.0401813,basic,discounting,discounting people,70.36087205,basic,0,2,1
Who does the action affect?,Tell us which social sphere is most affected by the action described in the statement.,"english, commonsense",masturbating,masturbating for several hours because that's lazy and unhealthy,61.97496328,expanded,trivializing,trivializing addictions,361.0401813,basic,discounting,discounting people,70.36087205,basic,0,0,1
Who does the action affect?,Tell us which social sphere is most affected by the action described in the statement.,"english, commonsense",supplying,supplying flow to get a new business running,267.6011341,expanded,separating,separating personal life from work,41.91383323,expanded,establishing,establishing boundaries with someone you are in a relationship with,18.50635321,expanded,1,0,1
Who does the action affect?,Tell us which social sphere is most affected by the action described in the statement.,"english, commonsense",supplying,supplying flow to get a new business running,267.6011341,expanded,separating,separating personal life from work,41.91383323,expanded,establishing,establishing boundaries with someone you are in a relationship with,18.50635321,expanded,2,2,1
Who does the action affect?,Tell us which social sphere is most affected by the action described in the statement.,"english, commonsense",supplying,supplying flow to get a new business running,267.6011341,expanded,separating,separating personal life from work,41.91383323,expanded,establishing,establishing boundaries with someone you are in a relationship with,18.50635321,expanded,2,0,2
Who does the action affect?,Tell us which social sphere is most affected by the action described in the statement.,"english, commonsense",referring,referring able to help them to other people and places,98.85837509,expanded,excluding,excluding family members from your life,229.5692045,expanded,establishing,establishing a museum,48.42155759,basic,1,1,2
Who does the action affect?,Tell us which social sphere is most affected by the action described in the statement.,"english, commonsense",referring,referring able to help them to other people and places,98.85837509,expanded,excluding,excluding family members from your life,229.5692045,expanded,establishing,establishing a museum,48.42155759,basic,1,1,2
Who does the action affect?,Tell us which social sphere is most affected by the action described in the statement.,"english, commonsense",referring,referring able to help them to other people and places,98.85837509,expanded,excluding,excluding family members from your life,229.5692045,expanded,establishing,establishing a museum,48.42155759,basic,1,2,2
Who does the action affect?,Tell us which social sphere is most affected by the action described in the statement.,"english, commonsense",excluding,excluding family members from your event,297.7818467,expanded,establishing,establishing clear boundaries,77.36859866,basic,sharing,sharing, ,basic,2,0,2
Who does the action affect?,Tell us which social sphere is most affected by the action described in the statement.,"english, commonsense",excluding,excluding family members from your event,297.7818467,expanded,establishing,establishing clear boundaries,77.36859866,basic,sharing,sharing, ,basic,2,2,1
Who does the action affect?,Tell us which social sphere is most affected by the action described in the statement.,"english, commonsense",excluding,excluding family members from your event,297.7818467,expanded,establishing,establishing clear boundaries,77.36859866,basic,sharing,sharing, ,basic,2,1,1
Who does the action affect?,Tell us which social sphere is most affected by the action described in the statement.,"english, commonsense",excluding,excluding from their lives,102.0095827,expanded,representing,representing women without feeling dumb,686.5917101,expanded,establishing,establishing discipline with your pets,232.3938787,expanded,4,2,1
Who does the action affect?,Tell us which social sphere is most affected by the action described in the statement.,"english, commonsense",excluding,excluding from their lives,102.0095827,expanded,representing,representing women without feeling dumb,686.5917101,expanded,establishing,establishing discipline with your pets,232.3938787,expanded,1,1,1
Who does the action affect?,Tell us which social sphere is most affected by the action described in the statement.,"english, commonsense",excluding,excluding from their lives,102.0095827,expanded,representing,representing women without feeling dumb,686.5917101,expanded,establishing,establishing discipline with your pets,232.3938787,expanded,4,2,0
Who does the action affect?,Tell us which social sphere is most affected by the action described in the statement.,"english, commonsense",committing,committing suicide as it hurts many people,151.8497361,expanded,scolding,scolding children,1306.597082,basic,committing,committing a crime,31.79564362,basic,0,1,4
Who does the action affect?,Tell us which social sphere is most affected by the action described in the statement.,"english, commonsense",committing,committing suicide as it hurts many people,151.8497361,expanded,scolding,scolding children,1306.597082,basic,committing,committing a crime,31.79564362,basic,0,1,1
Who does the action affect?,Tell us which social sphere is most affected by the action described in the statement.,"english, commonsense",committing,committing suicide as it hurts many people,151.8497361,expanded,scolding,scolding children,1306.597082,basic,committing,committing a crime,31.79564362,basic,1,1,1
Who does the action affect?,Tell us which social sphere is most affected by the action described in the statement.,"english, commonsense",scolding,scolding your child for getting their new shoes dirty,52.84327772,expanded,obtaining,obtaining agreements,6482.442243,basic,purchasing,purchasing a card,84.03420088,basic,1,0,0
Who does the action affect?,Tell us which social sphere is most affected by the action described in the statement.,"english, commonsense",scolding,scolding your child for getting their new shoes dirty,52.84327772,expanded,obtaining,obtaining agreements,6482.442243,basic,purchasing,purchasing a card,84.03420088,basic,1,1,1
Who does the action affect?,Tell us which social sphere is most affected by the action described in the statement.,"english, commonsense",scolding,scolding your child for getting their new shoes dirty,52.84327772,expanded,obtaining,obtaining agreements,6482.442243,basic,purchasing,purchasing a card,84.03420088,basic,1,2,0
Who does the action affect?,Tell us which social sphere is most affected by the action described in the statement.,"english, commonsense",discounting,discounting the ideas of others,33.07549409,basic,subjecting,subjecting others when you're tired,102.4209481,expanded,flushing,flushing your fish when it dies,171.4507971,expanded,1,1,3
Who does the action affect?,Tell us which social sphere is most affected by the action described in the statement.,"english, commonsense",discounting,discounting the ideas of others,33.07549409,basic,subjecting,subjecting others when you're tired,102.4209481,expanded,flushing,flushing your fish when it dies,171.4507971,expanded,1,1,1
Who does the action affect?,Tell us which social sphere is most affected by the action described in the statement.,"english, commonsense",discounting,discounting the ideas of others,33.07549409,basic,subjecting,subjecting others when you're tired,102.4209481,expanded,flushing,flushing your fish when it dies,171.4507971,expanded,2,4,0
Who does the action affect?,Tell us which social sphere is most affected by the action described in the statement.,"english, commonsense",purchasing,purchasing a gps,141.0238767,basic,considering,considering 90 kid,5906.326825,basic,excluding,excluding members,1436.848432,basic,0,1,1
Who does the action affect?,Tell us which social sphere is most affected by the action described in the statement.,"english, commonsense",purchasing,purchasing a gps,141.0238767,basic,considering,considering 90 kid,5906.326825,basic,excluding,excluding members,1436.848432,basic,0,0,2
Who does the action affect?,Tell us which social sphere is most affected by the action described in the statement.,"english, commonsense",purchasing,purchasing a gps,141.0238767,basic,considering,considering 90 kid,5906.326825,basic,excluding,excluding members,1436.848432,basic,0,4,1
Who does the action affect?,Tell us which social sphere is most affected by the action described in the statement.,"english, commonsense",obtaining,obtaining consent   before attempting to participate in your kinks,469.9519653,expanded,obtaining,obtaining consent,1530.280264,basic,flushing,flushing the toilet after using the restroom,14.69912961,expanded,1,1,0
Who does the action affect?,Tell us which social sphere is most affected by the action described in the statement.,"english, commonsense",obtaining,obtaining consent   before attempting to participate in your kinks,469.9519653,expanded,obtaining,obtaining consent,1530.280264,basic,flushing,flushing the toilet after using the restroom,14.69912961,expanded,0,0,3
Who does the action affect?,Tell us which social sphere is most affected by the action described in the statement.,"english, commonsense",obtaining,obtaining consent   before attempting to participate in your kinks,469.9519653,expanded,obtaining,obtaining consent,1530.280264,basic,flushing,flushing the toilet after using the restroom,14.69912961,expanded,1,1,0
Who does the action affect?,Tell us which social sphere is most affected by the action described in the statement.,"english, commonsense",flushing,flushing the toilet after peeing,21.8005857,expanded,masturbating,masturbating to pictures because that's gross,83.92127765,expanded,flushing,flushing the toilet to make the person someone is talking to on the phone know that the person is in a bathroom,19.5483867,expanded,0,0,1
Who does the action affect?,Tell us which social sphere is most affected by the action described in the statement.,"english, commonsense",flushing,flushing the toilet after peeing,21.8005857,expanded,masturbating,masturbating to pictures because that's gross,83.92127765,expanded,flushing,flushing the toilet to make the person someone is talking to on the phone know that the person is in a bathroom,19.5483867,expanded,0,0,1
Who does the action affect?,Tell us which social sphere is most affected by the action described in the statement.,"english, commonsense",flushing,flushing the toilet after peeing,21.8005857,expanded,masturbating,masturbating to pictures because that's gross,83.92127765,expanded,flushing,flushing the toilet to make the person someone is talking to on the phone know that the person is in a bathroom,19.5483867,expanded,2,0,1
Who does the action affect?,Tell us which social sphere is most affected by the action described in the statement.,"english, commonsense",scolding,scolding someone,830.328815,basic,subjecting,subjecting your kids,97.09593286,basic,obtaining,obtaining help,2211.24739,basic,1,4,2
Who does the action affect?,Tell us which social sphere is most affected by the action described in the statement.,"english, commonsense",scolding,scolding someone,830.328815,basic,subjecting,subjecting your kids,97.09593286,basic,obtaining,obtaining help,2211.24739,basic,0,1,0
Who does the action affect?,Tell us which social sphere is most affected by the action described in the statement.,"english, commonsense",scolding,scolding someone,830.328815,basic,subjecting,subjecting your kids,97.09593286,basic,obtaining,obtaining help,2211.24739,basic,1,2,0
Who does the action affect?,Tell us which social sphere is most affected by the action described in the statement.,"english, commonsense",referring,referring able to help them,139.6405548,basic,separating,separating whites for the wash,482.3197027,expanded,committing,committing acts in front of your parents,71.27529628,expanded,4,0,1
Who does the action affect?,Tell us which social sphere is most affected by the action described in the statement.,"english, commonsense",referring,referring able to help them,139.6405548,basic,separating,separating whites for the wash,482.3197027,expanded,committing,committing acts in front of your parents,71.27529628,expanded,1,4,1
Who does the action affect?,Tell us which social sphere is most affected by the action described in the statement.,"english, commonsense",referring,referring able to help them,139.6405548,basic,separating,separating whites for the wash,482.3197027,expanded,committing,committing acts in front of your parents,71.27529628,expanded,4,0,2
Who does the action affect?,Tell us which social sphere is most affected by the action described in the statement.,"english, commonsense",establishing,establishing boundaries with kids,205.0241437,expanded,obtaining,obtaining consent before attempting participation in your kinks,575.536227,expanded,trivializing,trivializing an event,270.9806315,basic,1,0,0
Who does the action affect?,Tell us which social sphere is most affected by the action described in the statement.,"english, commonsense",establishing,establishing boundaries with kids,205.0241437,expanded,obtaining,obtaining consent before attempting participation in your kinks,575.536227,expanded,trivializing,trivializing an event,270.9806315,basic,2,1,0
Who does the action affect?,Tell us which social sphere is most affected by the action described in the statement.,"english, commonsense",establishing,establishing boundaries with kids,205.0241437,expanded,obtaining,obtaining consent before attempting participation in your kinks,575.536227,expanded,trivializing,trivializing an event,270.9806315,basic,1,0,2
Who does the action affect?,Tell us which social sphere is most affected by the action described in the statement.,"english, commonsense",separating,separating,21.3598847,basic,committing,committing acts on a child,150.4720785,expanded,bullying,bullying a spouse into seeing a doctor,70.11849858,expanded,4,1,2
Who does the action affect?,Tell us which social sphere is most affected by the action described in the statement.,"english, commonsense",separating,separating,21.3598847,basic,committing,committing acts on a child,150.4720785,expanded,bullying,bullying a spouse into seeing a doctor,70.11849858,expanded,1,1,1
Who does the action affect?,Tell us which social sphere is most affected by the action described in the statement.,"english, commonsense",separating,separating,21.3598847,basic,committing,committing acts on a child,150.4720785,expanded,bullying,bullying a spouse into seeing a doctor,70.11849858,expanded,4,1,1
Who does the action affect?,Tell us which social sphere is most affected by the action described in the statement.,"english, commonsense",discounting,discounting darwinian theory,88.64625132,basic,scolding,scolding someone for neglecting their blood pressure when they have a kidney disease,56.69738974,expanded,trivializing,trivializing an event by making bigoted claims,155.1072749,expanded,4,1,2
Who does the action affect?,Tell us which social sphere is most affected by the action described in the statement.,"english, commonsense",discounting,discounting darwinian theory,88.64625132,basic,scolding,scolding someone for neglecting their blood pressure when they have a kidney disease,56.69738974,expanded,trivializing,trivializing an event by making bigoted claims,155.1072749,expanded,4,1,2
Who does the action affect?,Tell us which social sphere is most affected by the action described in the statement.,"english, commonsense",discounting,discounting darwinian theory,88.64625132,basic,scolding,scolding someone for neglecting their blood pressure when they have a kidney disease,56.69738974,expanded,trivializing,trivializing an event by making bigoted claims,155.1072749,expanded,0,1,2
Who does the action affect?,Tell us which social sphere is most affected by the action described in the statement.,"english, commonsense",separating,separating art,368.3102057,basic,defrauding,defrauding others,73.5982448,basic,sharing,sharing a baby shower with someone else,91.98730995,expanded,4,1,2
Who does the action affect?,Tell us which social sphere is most affected by the action described in the statement.,"english, commonsense",separating,separating art,368.3102057,basic,defrauding,defrauding others,73.5982448,basic,sharing,sharing a baby shower with someone else,91.98730995,expanded,4,2,1
Who does the action affect?,Tell us which social sphere is most affected by the action described in the statement.,"english, commonsense",separating,separating art,368.3102057,basic,defrauding,defrauding others,73.5982448,basic,sharing,sharing a baby shower with someone else,91.98730995,expanded,0,1,2
Who does the action affect?,Tell us which social sphere is most affected by the action described in the statement.,"english, commonsense",bullying,bullying someone for something they have no control,17.4222193,expanded,considering,considering your friends when giving stuff away,104.8383923,expanded,excluding,excluding members because we don't get along with them,45.68146212,expanded,1,1,2
Who does the action affect?,Tell us which social sphere is most affected by the action described in the statement.,"english, commonsense",bullying,bullying someone for something they have no control,17.4222193,expanded,considering,considering your friends when giving stuff away,104.8383923,expanded,excluding,excluding members because we don't get along with them,45.68146212,expanded,1,2,2
Who does the action affect?,Tell us which social sphere is most affected by the action described in the statement.,"english, commonsense",bullying,bullying someone for something they have no control,17.4222193,expanded,considering,considering your friends when giving stuff away,104.8383923,expanded,excluding,excluding members because we don't get along with them,45.68146212,expanded,1,1,1
Who does the action affect?,Tell us which social sphere is most affected by the action described in the statement.,"english, commonsense",excluding,excluding members from your life,960.9009025,expanded,obtaining,obtaining consent before speaking about your desires to others,163.4236834,expanded,flushing,flushing the toilet when you're done,15.9554847,expanded,1,1,3
Who does the action affect?,Tell us which social sphere is most affected by the action described in the statement.,"english, commonsense",excluding,excluding members from your life,960.9009025,expanded,obtaining,obtaining consent before speaking about your desires to others,163.4236834,expanded,flushing,flushing the toilet when you're done,15.9554847,expanded,1,0,0
Who does the action affect?,Tell us which social sphere is most affected by the action described in the statement.,"english, commonsense",excluding,excluding members from your life,960.9009025,expanded,obtaining,obtaining consent before speaking about your desires to others,163.4236834,expanded,flushing,flushing the toilet when you're done,15.9554847,expanded,1,2,2
Who does the action affect?,Tell us which social sphere is most affected by the action described in the statement.,"english, commonsense",flushing,flushing pads instead of throwing them away,90.53250586,expanded,subjecting,subjecting your kids to a different lifestyle,39.86770085,expanded,excluding,excluding when you do not want to hang with them,44.06004675,expanded,3,1,1
Who does the action affect?,Tell us which social sphere is most affected by the action described in the statement.,"english, commonsense",flushing,flushing pads instead of throwing them away,90.53250586,expanded,subjecting,subjecting your kids to a different lifestyle,39.86770085,expanded,excluding,excluding when you do not want to hang with them,44.06004675,expanded,3,1,1
Who does the action affect?,Tell us which social sphere is most affected by the action described in the statement.,"english, commonsense",flushing,flushing pads instead of throwing them away,90.53250586,expanded,subjecting,subjecting your kids to a different lifestyle,39.86770085,expanded,excluding,excluding when you do not want to hang with them,44.06004675,expanded,3,2,2
Who does the action affect?,Tell us which social sphere is most affected by the action described in the statement.,"english, commonsense",separating,separating clothes in the wash,66.20633199,expanded,considering,considering a career change if you are not feeling joy,51.49306134,expanded,masturbating,masturbating in private not in public,45.36210669,expanded,1,0,1
Who does the action affect?,Tell us which social sphere is most affected by the action described in the statement.,"english, commonsense",separating,separating clothes in the wash,66.20633199,expanded,considering,considering a career change if you are not feeling joy,51.49306134,expanded,masturbating,masturbating in private not in public,45.36210669,expanded,0,0,0
Who does the action affect?,Tell us which social sphere is most affected by the action described in the statement.,"english, commonsense",separating,separating clothes in the wash,66.20633199,expanded,considering,considering a career change if you are not feeling joy,51.49306134,expanded,masturbating,masturbating in private not in public,45.36210669,expanded,1,0,2
Who does the action affect?,Tell us which social sphere is most affected by the action described in the statement.,"english, commonsense",representing,representing them,81.16180847,basic,establishing,establishing clear boundaries with your siblings,114.8705184,expanded,obtaining,obtaining custody agreements during a divorce,425.8538541,expanded,4,1,1
Who does the action affect?,Tell us which social sphere is most affected by the action described in the statement.,"english, commonsense",representing,representing them,81.16180847,basic,establishing,establishing clear boundaries with your siblings,114.8705184,expanded,obtaining,obtaining custody agreements during a divorce,425.8538541,expanded,1,2,2
Who does the action affect?,Tell us which social sphere is most affected by the action described in the statement.,"english, commonsense",representing,representing them,81.16180847,basic,establishing,establishing clear boundaries with your siblings,114.8705184,expanded,obtaining,obtaining custody agreements during a divorce,425.8538541,expanded,0,1,1
Who does the action affect?,Tell us which social sphere is most affected by the action described in the statement.,"english, commonsense",requesting,requesting a refund if you got an unsatisfactory product,22.95698321,expanded,obtaining,obtaining consent before showing off your partner as an attractive mate,239.0735555,expanded,bullying,bullying a partner,180.4613426,basic,0,1,1
Who does the action affect?,Tell us which social sphere is most affected by the action described in the statement.,"english, commonsense",requesting,requesting a refund if you got an unsatisfactory product,22.95698321,expanded,obtaining,obtaining consent before showing off your partner as an attractive mate,239.0735555,expanded,bullying,bullying a partner,180.4613426,basic,2,1,1
Who does the action affect?,Tell us which social sphere is most affected by the action described in the statement.,"english, commonsense",requesting,requesting a refund if you got an unsatisfactory product,22.95698321,expanded,obtaining,obtaining consent before showing off your partner as an attractive mate,239.0735555,expanded,bullying,bullying a partner,180.4613426,basic,0,1,1
Who does the action affect?,Tell us which social sphere is most affected by the action described in the statement.,"english, commonsense",separating,separating clothes,422.4187594,basic,masturbating,masturbating when you feel the urge,23.25654399,expanded,defrauding,defrauding your employer by not doing work properly,50.50443087,expanded,0,0,1
Who does the action affect?,Tell us which social sphere is most affected by the action described in the statement.,"english, commonsense",separating,separating clothes,422.4187594,basic,masturbating,masturbating when you feel the urge,23.25654399,expanded,defrauding,defrauding your employer by not doing work properly,50.50443087,expanded,0,0,1
Who does the action affect?,Tell us which social sphere is most affected by the action described in the statement.,"english, commonsense",separating,separating clothes,422.4187594,basic,masturbating,masturbating when you feel the urge,23.25654399,expanded,defrauding,defrauding your employer by not doing work properly,50.50443087,expanded,4,1,2
Who does the action affect?,Tell us which social sphere is most affected by the action described in the statement.,"english, commonsense",establishing,establishing boundaries within your friendships,177.3243966,expanded,obtaining,obtaining custody agreements,5551.931667,basic,discounting,discounting the ideas,87.47825493,basic,1,1,1
Who does the action affect?,Tell us which social sphere is most affected by the action described in the statement.,"english, commonsense",establishing,establishing boundaries within your friendships,177.3243966,expanded,obtaining,obtaining custody agreements,5551.931667,basic,discounting,discounting the ideas,87.47825493,basic,1,0,1
Who does the action affect?,Tell us which social sphere is most affected by the action described in the statement.,"english, commonsense",establishing,establishing boundaries within your friendships,177.3243966,expanded,obtaining,obtaining custody agreements,5551.931667,basic,discounting,discounting the ideas,87.47825493,basic,1,1,4
Who does the action affect?,Tell us which social sphere is most affected by the action described in the statement.,"english, commonsense",defrauding,defrauding somebody,180.8109892,basic,masturbating,masturbating in private,34.67279659,basic,defrauding,defrauding somebody about your appearance,251.7372282,expanded,1,0,4
Who does the action affect?,Tell us which social sphere is most affected by the action described in the statement.,"english, commonsense",defrauding,defrauding somebody,180.8109892,basic,masturbating,masturbating in private,34.67279659,basic,defrauding,defrauding somebody about your appearance,251.7372282,expanded,1,0,1
Who does the action affect?,Tell us which social sphere is most affected by the action described in the statement.,"english, commonsense",defrauding,defrauding somebody,180.8109892,basic,masturbating,masturbating in private,34.67279659,basic,defrauding,defrauding somebody about your appearance,251.7372282,expanded,1,0,1
Who does the action affect?,Tell us which social sphere is most affected by the action described in the statement.,"english, commonsense",obtaining,obtaining help when you would like assistance in increasing your performance,121.2226062,expanded,referring,referring people,101.8045848,basic,purchasing,purchasing a sympathy card,177.646674,basic,0,2,1
Who does the action affect?,Tell us which social sphere is most affected by the action described in the statement.,"english, commonsense",obtaining,obtaining help when you would like assistance in increasing your performance,121.2226062,expanded,referring,referring people,101.8045848,basic,purchasing,purchasing a sympathy card,177.646674,basic,0,1,1
Who does the action affect?,Tell us which social sphere is most affected by the action described in the statement.,"english, commonsense",obtaining,obtaining help when you would like assistance in increasing your performance,121.2226062,expanded,referring,referring people,101.8045848,basic,purchasing,purchasing a sympathy card,177.646674,basic,0,1,0
Who does the action affect?,Tell us which social sphere is most affected by the action described in the statement.,"english, commonsense",scolding,scolding people,476.3554876,basic,considering,considering people feelings before acting,558.8500527,expanded,referring,referring others to help,89.66386186,expanded,1,2,2
Who does the action affect?,Tell us which social sphere is most affected by the action described in the statement.,"english, commonsense",scolding,scolding people,476.3554876,basic,considering,considering people feelings before acting,558.8500527,expanded,referring,referring others to help,89.66386186,expanded,1,1,1
Who does the action affect?,Tell us which social sphere is most affected by the action described in the statement.,"english, commonsense",scolding,scolding people,476.3554876,basic,considering,considering people feelings before acting,558.8500527,expanded,referring,referring others to help,89.66386186,expanded,2,2,2
Who does the action affect?,Tell us which social sphere is most affected by the action described in the statement.,"english, commonsense",trivializing,trivializing addictions by claiming to have one when you don't,96.6459389,expanded,supplying,supplying flow,1350.251886,basic,referring,referring able to other people and places,204.6075101,expanded,0,3,2
Who does the action affect?,Tell us which social sphere is most affected by the action described in the statement.,"english, commonsense",trivializing,trivializing addictions by claiming to have one when you don't,96.6459389,expanded,supplying,supplying flow,1350.251886,basic,referring,referring able to other people and places,204.6075101,expanded,1,4,1
Who does the action affect?,Tell us which social sphere is most affected by the action described in the statement.,"english, commonsense",trivializing,trivializing addictions by claiming to have one when you don't,96.6459389,expanded,supplying,supplying flow,1350.251886,basic,referring,referring able to other people and places,204.6075101,expanded,2,4,4
Who does the action affect?,Tell us which social sphere is most affected by the action described in the statement.,"english, commonsense",sharing,sharing . partner,16945.97022,basic,separating,separating art from politics,120.4520967,expanded,purchasing,purchasing a card for someone,66.33877897,expanded,1,2,1
Who does the action affect?,Tell us which social sphere is most affected by the action described in the statement.,"english, commonsense",sharing,sharing . partner,16945.97022,basic,separating,separating art from politics,120.4520967,expanded,purchasing,purchasing a card for someone,66.33877897,expanded,1,2,1
Who does the action affect?,Tell us which social sphere is most affected by the action described in the statement.,"english, commonsense",sharing,sharing . partner,16945.97022,basic,separating,separating art from politics,120.4520967,expanded,purchasing,purchasing a card for someone,66.33877897,expanded,1,2,1
Who does the action affect?,Tell us which social sphere is most affected by the action described in the statement.,"english, commonsense",representing,representing your best self when you sign up for a dating app,40.87049989,expanded,requesting,requesting help if you need it because if an injury,67.95855338,expanded,bullying,bullying,11.08994675,basic,0,0,2
Who does the action affect?,Tell us which social sphere is most affected by the action described in the statement.,"english, commonsense",representing,representing your best self when you sign up for a dating app,40.87049989,expanded,requesting,requesting help if you need it because if an injury,67.95855338,expanded,bullying,bullying,11.08994675,basic,0,1,1
Who does the action affect?,Tell us which social sphere is most affected by the action described in the statement.,"english, commonsense",representing,representing your best self when you sign up for a dating app,40.87049989,expanded,requesting,requesting help if you need it because if an injury,67.95855338,expanded,bullying,bullying,11.08994675,basic,0,0,1
Who does the action affect?,Tell us which social sphere is most affected by the action described in the statement.,"english, commonsense",subjecting,subjecting others to your mood,51.06305381,expanded,discounting,discounting darwinian theory of evolution because you do not like humans,52.95272402,expanded,sharing,sharing interesting tidbits with everyone,125.7037462,expanded,1,4,1
Who does the action affect?,Tell us which social sphere is most affected by the action described in the statement.,"english, commonsense",subjecting,subjecting others to your mood,51.06305381,expanded,discounting,discounting darwinian theory of evolution because you do not like humans,52.95272402,expanded,sharing,sharing interesting tidbits with everyone,125.7037462,expanded,2,0,2
Who does the action affect?,Tell us which social sphere is most affected by the action described in the statement.,"english, commonsense",subjecting,subjecting others to your mood,51.06305381,expanded,discounting,discounting darwinian theory of evolution because you do not like humans,52.95272402,expanded,sharing,sharing interesting tidbits with everyone,125.7037462,expanded,1,0,2
Who does the action affect?,Tell us which social sphere is most affected by the action described in the statement.,"english, commonsense",bullying,bullying a spouse,216.9895327,basic,sharing,sharing household expenses with their partner,137.6460159,expanded,requesting,requesting a check if you suspect they aren't doing well,61.55706308,expanded,1,1,4
Who does the action affect?,Tell us which social sphere is most affected by the action described in the statement.,"english, commonsense",bullying,bullying a spouse,216.9895327,basic,sharing,sharing household expenses with their partner,137.6460159,expanded,requesting,requesting a check if you suspect they aren't doing well,61.55706308,expanded,1,1,1
Who does the action affect?,Tell us which social sphere is most affected by the action described in the statement.,"english, commonsense",bullying,bullying a spouse,216.9895327,basic,sharing,sharing household expenses with their partner,137.6460159,expanded,requesting,requesting a check if you suspect they aren't doing well,61.55706308,expanded,1,1,1
Who does the action affect?,Tell us which social sphere is most affected by the action described in the statement.,"english, commonsense",masturbating,masturbating to the thought when you are attracted to them,37.3654938,expanded,establishing,establishing good relations in your significant other's life,45.39060177,expanded,obtaining,obtaining a lawyer,290.6997077,basic,0,1,0
Who does the action affect?,Tell us which social sphere is most affected by the action described in the statement.,"english, commonsense",masturbating,masturbating to the thought when you are attracted to them,37.3654938,expanded,establishing,establishing good relations in your significant other's life,45.39060177,expanded,obtaining,obtaining a lawyer,290.6997077,basic,0,1,0
Who does the action affect?,Tell us which social sphere is most affected by the action described in the statement.,"english, commonsense",masturbating,masturbating to the thought when you are attracted to them,37.3654938,expanded,establishing,establishing good relations in your significant other's life,45.39060177,expanded,obtaining,obtaining a lawyer,290.6997077,basic,0,1,1
Who does the action affect?,Tell us which social sphere is most affected by the action described in the statement.,"english, commonsense",purchasing,purchasing gifts for a person on certain significant days,212.8787453,expanded,excluding,excluding members from your event,982.0762387,expanded,referring,referring a teenager if she has problems,183.4126599,expanded,1,1,1
Who does the action affect?,Tell us which social sphere is most affected by the action described in the statement.,"english, commonsense",purchasing,purchasing gifts for a person on certain significant days,212.8787453,expanded,excluding,excluding members from your event,982.0762387,expanded,referring,referring a teenager if she has problems,183.4126599,expanded,2,1,1
Who does the action affect?,Tell us which social sphere is most affected by the action described in the statement.,"english, commonsense",purchasing,purchasing gifts for a person on certain significant days,212.8787453,expanded,excluding,excluding members from your event,982.0762387,expanded,referring,referring a teenager if she has problems,183.4126599,expanded,1,2,1
Who does the action affect?,Tell us which social sphere is most affected by the action described in the statement.,"english, commonsense",sharing,sharing a baby name,589.2880722,basic,establishing,establishing boundaries with your siblings,124.240675,expanded,supplying,supplying a sufficient amount of gratitude,113.6597811,basic,1,1,1
Who does the action affect?,Tell us which social sphere is most affected by the action described in the statement.,"english, commonsense",sharing,sharing a baby name,589.2880722,basic,establishing,establishing boundaries with your siblings,124.240675,expanded,supplying,supplying a sufficient amount of gratitude,113.6597811,basic,1,2,2
Who does the action affect?,Tell us which social sphere is most affected by the action described in the statement.,"english, commonsense",sharing,sharing a baby name,589.2880722,basic,establishing,establishing boundaries with your siblings,124.240675,expanded,supplying,supplying a sufficient amount of gratitude,113.6597811,basic,1,2,1
Who does the action affect?,Tell us which social sphere is most affected by the action described in the statement.,"english, commonsense",flushing,flushing sanitary pads,176.7158197,basic,sharing,sharing .'s partner,1588.969586,basic,defrauding,defrauding somebody by sending a fake email,55.16916047,expanded,0,1,1
Who does the action affect?,Tell us which social sphere is most affected by the action described in the statement.,"english, commonsense",flushing,flushing sanitary pads,176.7158197,basic,sharing,sharing .'s partner,1588.969586,basic,defrauding,defrauding somebody by sending a fake email,55.16916047,expanded,3,4,1
Who does the action affect?,Tell us which social sphere is most affected by the action described in the statement.,"english, commonsense",flushing,flushing sanitary pads,176.7158197,basic,sharing,sharing .'s partner,1588.969586,basic,defrauding,defrauding somebody by sending a fake email,55.16916047,expanded,3,1,1
Who does the action affect?,Tell us which social sphere is most affected by the action described in the statement.,"english, commonsense",scolding,scolding a couple,271.3525739,basic,referring,referring people to your job,82.6114533,expanded,excluding,excluding family members for their personal lifestyle,285.8742161,expanded,2,2,2
Who does the action affect?,Tell us which social sphere is most affected by the action described in the statement.,"english, commonsense",scolding,scolding a couple,271.3525739,basic,referring,referring people to your job,82.6114533,expanded,excluding,excluding family members for their personal lifestyle,285.8742161,expanded,1,2,1
Who does the action affect?,Tell us which social sphere is most affected by the action described in the statement.,"english, commonsense",scolding,scolding a couple,271.3525739,basic,referring,referring people to your job,82.6114533,expanded,excluding,excluding family members for their personal lifestyle,285.8742161,expanded,1,1,2
Who does the action affect?,Tell us which social sphere is most affected by the action described in the statement.,"english, commonsense",excluding,excluding members from our children's lives,269.1494975,expanded,representing,representing women in the stem field,121.285376,basic,considering,considering the impact of your words before calling other people names,47.07291339,expanded,2,2,2
Who does the action affect?,Tell us which social sphere is most affected by the action described in the statement.,"english, commonsense",excluding,excluding members from our children's lives,269.1494975,expanded,representing,representing women in the stem field,121.285376,basic,considering,considering the impact of your words before calling other people names,47.07291339,expanded,1,2,1
Who does the action affect?,Tell us which social sphere is most affected by the action described in the statement.,"english, commonsense",excluding,excluding members from our children's lives,269.1494975,expanded,representing,representing women in the stem field,121.285376,basic,considering,considering the impact of your words before calling other people names,47.07291339,expanded,2,2,1
Who does the action affect?,Tell us which social sphere is most affected by the action described in the statement.,"english, commonsense",defrauding,defrauding your employer,51.99930159,basic,subjecting,subjecting others without their permission,45.71158821,expanded,masturbating,masturbating,23.57187927,basic,1,1,0
Who does the action affect?,Tell us which social sphere is most affected by the action described in the statement.,"english, commonsense",defrauding,defrauding your employer,51.99930159,basic,subjecting,subjecting others without their permission,45.71158821,expanded,masturbating,masturbating,23.57187927,basic,2,4,0
Who does the action affect?,Tell us which social sphere is most affected by the action described in the statement.,"english, commonsense",defrauding,defrauding your employer,51.99930159,basic,subjecting,subjecting others without their permission,45.71158821,expanded,masturbating,masturbating,23.57187927,basic,1,1,0
Who does the action affect?,Tell us which social sphere is most affected by the action described in the statement.,"english, commonsense",referring,referring people if they need a job,66.89352069,expanded,committing,committing acts with a child,77.20820527,expanded,subjecting,subjecting your animal to your nudity,221.7595144,expanded,1,1,1
Who does the action affect?,Tell us which social sphere is most affected by the action described in the statement.,"english, commonsense",referring,referring people if they need a job,66.89352069,expanded,committing,committing acts with a child,77.20820527,expanded,subjecting,subjecting your animal to your nudity,221.7595144,expanded,2,1,0
Who does the action affect?,Tell us which social sphere is most affected by the action described in the statement.,"english, commonsense",referring,referring people if they need a job,66.89352069,expanded,committing,committing acts with a child,77.20820527,expanded,subjecting,subjecting your animal to your nudity,221.7595144,expanded,1,1,1
Who does the action affect?,Tell us which social sphere is most affected by the action described in the statement.,"english, commonsense",committing,committing acts in front of nonconsenting third parties,47.49740362,expanded,committing,committing genocide after stealing their land,188.0280848,expanded,subjecting,subjecting children to destructive behaviors,65.57668959,expanded,2,2,2
Who does the action affect?,Tell us which social sphere is most affected by the action described in the statement.,"english, commonsense",committing,committing acts in front of nonconsenting third parties,47.49740362,expanded,committing,committing genocide after stealing their land,188.0280848,expanded,subjecting,subjecting children to destructive behaviors,65.57668959,expanded,1,2,2
Who does the action affect?,Tell us which social sphere is most affected by the action described in the statement.,"english, commonsense",committing,committing acts in front of nonconsenting third parties,47.49740362,expanded,committing,committing genocide after stealing their land,188.0280848,expanded,subjecting,subjecting children to destructive behaviors,65.57668959,expanded,1,2,1
Who does the action affect?,Tell us which social sphere is most affected by the action described in the statement.,"english, commonsense",considering,considering adoption when wanting kids,1130.80025,expanded,discounting,discounting the ideas because of their gender,80.21119591,expanded,committing,committing genocide against the indigenous people after stealing their land,32.46794255,expanded,1,2,2
Who does the action affect?,Tell us which social sphere is most affected by the action described in the statement.,"english, commonsense",considering,considering adoption when wanting kids,1130.80025,expanded,discounting,discounting the ideas because of their gender,80.21119591,expanded,committing,committing genocide against the indigenous people after stealing their land,32.46794255,expanded,1,2,2
Who does the action affect?,Tell us which social sphere is most affected by the action described in the statement.,"english, commonsense",considering,considering adoption when wanting kids,1130.80025,expanded,discounting,discounting the ideas because of their gender,80.21119591,expanded,committing,committing genocide against the indigenous people after stealing their land,32.46794255,expanded,0,2,2
Who does the action affect?,Tell us which social sphere is most affected by the action described in the statement.,"english, commonsense",representing,representing women,82.48490437,basic,bullying,bullying a customer into tipping,171.5961739,expanded,trivializing,trivializing addiction with frivolous remarks about liking a food,611.5021821,expanded,2,1,0
Who does the action affect?,Tell us which social sphere is most affected by the action described in the statement.,"english, commonsense",representing,representing women,82.48490437,basic,bullying,bullying a customer into tipping,171.5961739,expanded,trivializing,trivializing addiction with frivolous remarks about liking a food,611.5021821,expanded,2,1,1
Who does the action affect?,Tell us which social sphere is most affected by the action described in the statement.,"english, commonsense",representing,representing women,82.48490437,basic,bullying,bullying a customer into tipping,171.5961739,expanded,trivializing,trivializing addiction with frivolous remarks about liking a food,611.5021821,expanded,2,1,2
Who does the action affect?,Tell us which social sphere is most affected by the action described in the statement.,"english, commonsense",purchasing,purchasing items when the old ones are still functional,83.8471513,expanded,excluding,excluding, ,basic,scolding,scolding someone when they've done something wrong,22.33317809,expanded,0,4,1
Who does the action affect?,Tell us which social sphere is most affected by the action described in the statement.,"english, commonsense",purchasing,purchasing items when the old ones are still functional,83.8471513,expanded,excluding,excluding, ,basic,scolding,scolding someone when they've done something wrong,22.33317809,expanded,3,1,1
Who does the action affect?,Tell us which social sphere is most affected by the action described in the statement.,"english, commonsense",purchasing,purchasing items when the old ones are still functional,83.8471513,expanded,excluding,excluding, ,basic,scolding,scolding someone when they've done something wrong,22.33317809,expanded,3,4,1
Who does the action affect?,Tell us which social sphere is most affected by the action described in the statement.,"english, commonsense",considering,considering,3.13380797,basic,sharing,sharing a baby shower,405.791575,basic,purchasing,purchasing a sympathy card for someone,86.21416753,expanded,4,1,1
Who does the action affect?,Tell us which social sphere is most affected by the action described in the statement.,"english, commonsense",considering,considering,3.13380797,basic,sharing,sharing a baby shower,405.791575,basic,purchasing,purchasing a sympathy card for someone,86.21416753,expanded,0,1,1
Who does the action affect?,Tell us which social sphere is most affected by the action described in the statement.,"english, commonsense",considering,considering,3.13380797,basic,sharing,sharing a baby shower,405.791575,basic,purchasing,purchasing a sympathy card for someone,86.21416753,expanded,0,2,1
Who does the action affect?,Tell us which social sphere is most affected by the action described in the statement.,"english, commonsense",purchasing,purchasing a car,58.15219477,basic,purchasing,purchasing a gps if you need directions a lot,96.0734562,expanded,requesting,requesting a refund if nothing was wrong,50.30710934,expanded,0,0,0
Who does the action affect?,Tell us which social sphere is most affected by the action described in the statement.,"english, commonsense",purchasing,purchasing a car,58.15219477,basic,purchasing,purchasing a gps if you need directions a lot,96.0734562,expanded,requesting,requesting a refund if nothing was wrong,50.30710934,expanded,0,0,1
Who does the action affect?,Tell us which social sphere is most affected by the action described in the statement.,"english, commonsense",purchasing,purchasing a car,58.15219477,basic,purchasing,purchasing a gps if you need directions a lot,96.0734562,expanded,requesting,requesting a refund if nothing was wrong,50.30710934,expanded,0,0,2
Who does the action affect?,Tell us which social sphere is most affected by the action described in the statement.,"english, commonsense",flushing,flushing your fish,432.3769558,basic,subjecting,subjecting others to your bodily functions,42.21522776,expanded,scolding,scolding children when they are misbehaving,24.7853975,expanded,3,1,1
Who does the action affect?,Tell us which social sphere is most affected by the action described in the statement.,"english, commonsense",flushing,flushing your fish,432.3769558,basic,subjecting,subjecting others to your bodily functions,42.21522776,expanded,scolding,scolding children when they are misbehaving,24.7853975,expanded,0,1,1
Who does the action affect?,Tell us which social sphere is most affected by the action described in the statement.,"english, commonsense",flushing,flushing your fish,432.3769558,basic,subjecting,subjecting others to your bodily functions,42.21522776,expanded,scolding,scolding children when they are misbehaving,24.7853975,expanded,0,1,1
Who does the action affect?,Tell us which social sphere is most affected by the action described in the statement.,"english, commonsense",separating,separating fact in your head,136.0469063,expanded,representing,representing someone,212.9132203,basic,committing,committing genocide,590.0661908,basic,0,1,0
Who does the action affect?,Tell us which social sphere is most affected by the action described in the statement.,"english, commonsense",separating,separating fact in your head,136.0469063,expanded,representing,representing someone,212.9132203,basic,committing,committing genocide,590.0661908,basic,0,1,2
Who does the action affect?,Tell us which social sphere is most affected by the action described in the statement.,"english, commonsense",separating,separating fact in your head,136.0469063,expanded,representing,representing someone,212.9132203,basic,committing,committing genocide,590.0661908,basic,0,1,2
Who does the action affect?,Tell us which social sphere is most affected by the action described in the statement.,"english, commonsense",flushing,flushing the toilet because that wastes water,74.19115845,expanded,trivializing,trivializing real addiction,1348.585472,basic,masturbating,masturbating for hours,33.81435673,basic,3,1,0
Who does the action affect?,Tell us which social sphere is most affected by the action described in the statement.,"english, commonsense",flushing,flushing the toilet because that wastes water,74.19115845,expanded,trivializing,trivializing real addiction,1348.585472,basic,masturbating,masturbating for hours,33.81435673,basic,3,2,0
Who does the action affect?,Tell us which social sphere is most affected by the action described in the statement.,"english, commonsense",flushing,flushing the toilet because that wastes water,74.19115845,expanded,trivializing,trivializing real addiction,1348.585472,basic,masturbating,masturbating for hours,33.81435673,basic,3,4,0
Who does the action affect?,Tell us which social sphere is most affected by the action described in the statement.,"english, commonsense",representing,representing your best self,109.0431691,basic,excluding,excluding family members,126.2927397,basic,excluding,excluding family,4821.510744,basic,0,2,2
Who does the action affect?,Tell us which social sphere is most affected by the action described in the statement.,"english, commonsense",representing,representing your best self,109.0431691,basic,excluding,excluding family members,126.2927397,basic,excluding,excluding family,4821.510744,basic,0,2,2
Who does the action affect?,Tell us which social sphere is most affected by the action described in the statement.,"english, commonsense",representing,representing your best self,109.0431691,basic,excluding,excluding family members,126.2927397,basic,excluding,excluding family,4821.510744,basic,0,1,2
Who does the action affect?,Tell us which social sphere is most affected by the action described in the statement.,"english, commonsense",subjecting,subjecting others to objectionable body odors,93.76791222,expanded,bullying,bullying others with religion,228.5767159,expanded,defrauding,defrauding others into thinking that they have something that they do not have,12.65702118,expanded,2,1,1
Who does the action affect?,Tell us which social sphere is most affected by the action described in the statement.,"english, commonsense",subjecting,subjecting others to objectionable body odors,93.76791222,expanded,bullying,bullying others with religion,228.5767159,expanded,defrauding,defrauding others into thinking that they have something that they do not have,12.65702118,expanded,1,1,1
Who does the action affect?,Tell us which social sphere is most affected by the action described in the statement.,"english, commonsense",subjecting,subjecting others to objectionable body odors,93.76791222,expanded,bullying,bullying others with religion,228.5767159,expanded,defrauding,defrauding others into thinking that they have something that they do not have,12.65702118,expanded,1,2,1
Who does the action affect?,Tell us which social sphere is most affected by the action described in the statement.,"english, commonsense",referring,referring others,260.0563824,basic,purchasing,purchasing something from a business,69.29070803,expanded,obtaining,obtaining agreements during a divorce,877.9196584,expanded,1,2,1
Who does the action affect?,Tell us which social sphere is most affected by the action described in the statement.,"english, commonsense",referring,referring others,260.0563824,basic,purchasing,purchasing something from a business,69.29070803,expanded,obtaining,obtaining agreements during a divorce,877.9196584,expanded,1,2,2
Who does the action affect?,Tell us which social sphere is most affected by the action described in the statement.,"english, commonsense",referring,referring others,260.0563824,basic,purchasing,purchasing something from a business,69.29070803,expanded,obtaining,obtaining agreements during a divorce,877.9196584,expanded,4,2,1
Who does the action affect?,Tell us which social sphere is most affected by the action described in the statement.,"english, commonsense",trivializing,trivializing addiction,742.1334052,basic,committing,committing acts,224.5920532,basic,scolding,scolding your child,211.1182206,basic,1,0,1
Who does the action affect?,Tell us which social sphere is most affected by the action described in the statement.,"english, commonsense",trivializing,trivializing addiction,742.1334052,basic,committing,committing acts,224.5920532,basic,scolding,scolding your child,211.1182206,basic,0,0,1
Who does the action affect?,Tell us which social sphere is most affected by the action described in the statement.,"english, commonsense",trivializing,trivializing addiction,742.1334052,basic,committing,committing acts,224.5920532,basic,scolding,scolding your child,211.1182206,basic,2,4,1
Who does the action affect?,Tell us which social sphere is most affected by the action described in the statement.,"english, commonsense",committing,committing people without asking them first,181.3039614,expanded,bullying,bullying a person,61.92239026,basic,discounting,discounting people because of how jaded you are,49.19560127,expanded,1,1,2
Who does the action affect?,Tell us which social sphere is most affected by the action described in the statement.,"english, commonsense",committing,committing people without asking them first,181.3039614,expanded,bullying,bullying a person,61.92239026,basic,discounting,discounting people because of how jaded you are,49.19560127,expanded,1,1,2
Who does the action affect?,Tell us which social sphere is most affected by the action described in the statement.,"english, commonsense",committing,committing people without asking them first,181.3039614,expanded,bullying,bullying a person,61.92239026,basic,discounting,discounting people because of how jaded you are,49.19560127,expanded,1,1,1
Who does the action affect?,Tell us which social sphere is most affected by the action described in the statement.,"english, commonsense",trivializing,trivializing an event such as the holocaust by making bigoted claims,62.86900421,expanded,masturbating,masturbating in public,16.43755495,basic,establishing,establishing good relations with the people in your significant other's life,28.69106702,expanded,2,1,0
Who does the action affect?,Tell us which social sphere is most affected by the action described in the statement.,"english, commonsense",trivializing,trivializing an event such as the holocaust by making bigoted claims,62.86900421,expanded,masturbating,masturbating in public,16.43755495,basic,establishing,establishing good relations with the people in your significant other's life,28.69106702,expanded,4,1,1
Who does the action affect?,Tell us which social sphere is most affected by the action described in the statement.,"english, commonsense",trivializing,trivializing an event such as the holocaust by making bigoted claims,62.86900421,expanded,masturbating,masturbating in public,16.43755495,basic,establishing,establishing good relations with the people in your significant other's life,28.69106702,expanded,2,1,2
Who does the action affect?,Tell us which social sphere is most affected by the action described in the statement.,"english, commonsense",sharing,sharing your sexuality long before you get married,65.38074686,expanded,requesting,requesting a welfare check if you suspect they aren't doing well,43.90120339,expanded,bullying,bullying people into doing you think what is right,113.6514712,expanded,2,1,1
Who does the action affect?,Tell us which social sphere is most affected by the action described in the statement.,"english, commonsense",sharing,sharing your sexuality long before you get married,65.38074686,expanded,requesting,requesting a welfare check if you suspect they aren't doing well,43.90120339,expanded,bullying,bullying people into doing you think what is right,113.6514712,expanded,1,4,1
Who does the action affect?,Tell us which social sphere is most affected by the action described in the statement.,"english, commonsense",sharing,sharing your sexuality long before you get married,65.38074686,expanded,requesting,requesting a welfare check if you suspect they aren't doing well,43.90120339,expanded,bullying,bullying people into doing you think what is right,113.6514712,expanded,1,1,1
Who does the action affect?,Tell us which social sphere is most affected by the action described in the statement.,"english, commonsense",defrauding,defrauding people into thinking that you are somebody of the other gender,36.51032929,expanded,sharing,sharing . partner with each other,535.8258922,expanded,defrauding,defrauding others into thinking that you are stupid,40.070107,expanded,1,1,1
Who does the action affect?,Tell us which social sphere is most affected by the action described in the statement.,"english, commonsense",defrauding,defrauding people into thinking that you are somebody of the other gender,36.51032929,expanded,sharing,sharing . partner with each other,535.8258922,expanded,defrauding,defrauding others into thinking that you are stupid,40.070107,expanded,2,1,2
Who does the action affect?,Tell us which social sphere is most affected by the action described in the statement.,"english, commonsense",defrauding,defrauding people into thinking that you are somebody of the other gender,36.51032929,expanded,sharing,sharing . partner with each other,535.8258922,expanded,defrauding,defrauding others into thinking that you are stupid,40.070107,expanded,1,1,1
Who does the action affect?,Tell us which social sphere is most affected by the action described in the statement.,"english, commonsense",bullying,bullying a customer,142.340771,basic,scolding,scolding your child when they tell you they wish you were dead,25.948365,expanded,flushing,flushing the toilet because it's just pee and not poop,31.75124272,expanded,1,1,0
Who does the action affect?,Tell us which social sphere is most affected by the action described in the statement.,"english, commonsense",bullying,bullying a customer,142.340771,basic,scolding,scolding your child when they tell you they wish you were dead,25.948365,expanded,flushing,flushing the toilet because it's just pee and not poop,31.75124272,expanded,1,1,0
Who does the action affect?,Tell us which social sphere is most affected by the action described in the statement.,"english, commonsense",bullying,bullying a customer,142.340771,basic,scolding,scolding your child when they tell you they wish you were dead,25.948365,expanded,flushing,flushing the toilet because it's just pee and not poop,31.75124272,expanded,1,1,3
Who does the action affect?,Tell us which social sphere is most affected by the action described in the statement.,"english, commonsense",considering,considering 90's kid when you were born after 1995,199.0085783,expanded,sharing,sharing a baby name before you are ready to,70.43855116,expanded,representing,representing women in the stem field without feeling dumb,340.0564846,expanded,2,1,2
Who does the action affect?,Tell us which social sphere is most affected by the action described in the statement.,"english, commonsense",considering,considering 90's kid when you were born after 1995,199.0085783,expanded,sharing,sharing a baby name before you are ready to,70.43855116,expanded,representing,representing women in the stem field without feeling dumb,340.0564846,expanded,4,1,2
Who does the action affect?,Tell us which social sphere is most affected by the action described in the statement.,"english, commonsense",considering,considering 90's kid when you were born after 1995,199.0085783,expanded,sharing,sharing a baby name before you are ready to,70.43855116,expanded,representing,representing women in the stem field without feeling dumb,340.0564846,expanded,0,0,2
Who does the action affect?,Tell us which social sphere is most affected by the action described in the statement.,"english, commonsense",sharing,sharing a meal with others who may not have as much as you,21.3156979,expanded,obtaining,obtaining consent before performing sexual fetish acts with another person,123.6928735,expanded,referring,referring a teenager to a therapist,60.25206828,expanded,1,1,1
Who does the action affect?,Tell us which social sphere is most affected by the action described in the statement.,"english, commonsense",sharing,sharing a meal with others who may not have as much as you,21.3156979,expanded,obtaining,obtaining consent before performing sexual fetish acts with another person,123.6928735,expanded,referring,referring a teenager to a therapist,60.25206828,expanded,1,1,1
Who does the action affect?,Tell us which social sphere is most affected by the action described in the statement.,"english, commonsense",sharing,sharing a meal with others who may not have as much as you,21.3156979,expanded,obtaining,obtaining consent before performing sexual fetish acts with another person,123.6928735,expanded,referring,referring a teenager to a therapist,60.25206828,expanded,2,1,1
Who does the action affect?,Tell us which social sphere is most affected by the action described in the statement.,"english, commonsense",subjecting,subjecting children,68.31840942,basic,supplying,supplying a sufficient amount of gratitude when you receive a gift,43.59898095,expanded,purchasing,purchasing,138.4665495,basic,2,1,0
Who does the action affect?,Tell us which social sphere is most affected by the action described in the statement.,"english, commonsense",subjecting,subjecting children,68.31840942,basic,supplying,supplying a sufficient amount of gratitude when you receive a gift,43.59898095,expanded,purchasing,purchasing,138.4665495,basic,1,1,4
Who does the action affect?,Tell us which social sphere is most affected by the action described in the statement.,"english, commonsense",subjecting,subjecting children,68.31840942,basic,supplying,supplying a sufficient amount of gratitude when you receive a gift,43.59898095,expanded,purchasing,purchasing,138.4665495,basic,1,1,0
Who does the action affect?,Tell us which social sphere is most affected by the action described in the statement.,"english, commonsense",establishing,establishing a museum so others can learn things,109.2584361,expanded,representing,representing someone as they actually are and not lie about it,61.09903767,expanded,requesting,requesting a check,115.0648035,basic,2,1,0
Who does the action affect?,Tell us which social sphere is most affected by the action described in the statement.,"english, commonsense",establishing,establishing a museum so others can learn things,109.2584361,expanded,representing,representing someone as they actually are and not lie about it,61.09903767,expanded,requesting,requesting a check,115.0648035,basic,2,1,0
Who does the action affect?,Tell us which social sphere is most affected by the action described in the statement.,"english, commonsense",establishing,establishing a museum so others can learn things,109.2584361,expanded,representing,representing someone as they actually are and not lie about it,61.09903767,expanded,requesting,requesting a check,115.0648035,basic,2,1,0
Who does the action affect?,Tell us which social sphere is most affected by the action described in the statement.,"english, commonsense",requesting,requesting gifts as opposed to a sentimental one,114.5335296,expanded,flushing,flushing the toilet after you use it,19.6572912,expanded,referring,referring people to companies,85.26214683,expanded,1,0,1
Who does the action affect?,Tell us which social sphere is most affected by the action described in the statement.,"english, commonsense",requesting,requesting gifts as opposed to a sentimental one,114.5335296,expanded,flushing,flushing the toilet after you use it,19.6572912,expanded,referring,referring people to companies,85.26214683,expanded,0,1,1
Who does the action affect?,Tell us which social sphere is most affected by the action described in the statement.,"english, commonsense",requesting,requesting gifts as opposed to a sentimental one,114.5335296,expanded,flushing,flushing the toilet after you use it,19.6572912,expanded,referring,referring people to companies,85.26214683,expanded,1,1,2
Who does the action affect?,Tell us which social sphere is most affected by the action described in the statement.,"english, commonsense",masturbating,masturbating for hours because that's lazy and unhealthy,67.6317643,expanded,flushing,flushing your fish down the toilet,71.41552402,expanded,subjecting,subjecting your children to violence,34.94472037,expanded,0,3,1
Who does the action affect?,Tell us which social sphere is most affected by the action described in the statement.,"english, commonsense",masturbating,masturbating for hours because that's lazy and unhealthy,67.6317643,expanded,flushing,flushing your fish down the toilet,71.41552402,expanded,subjecting,subjecting your children to violence,34.94472037,expanded,0,1,1
Who does the action affect?,Tell us which social sphere is most affected by the action described in the statement.,"english, commonsense",masturbating,masturbating for hours because that's lazy and unhealthy,67.6317643,expanded,flushing,flushing your fish down the toilet,71.41552402,expanded,subjecting,subjecting your children to violence,34.94472037,expanded,0,1,1
Who does the action affect?,Tell us which social sphere is most affected by the action described in the statement.,"english, commonsense",excluding,excluding from an activity,305.454783,expanded,bullying,bullying children during school,157.8225755,expanded,requesting,requesting,60.12897351,basic,4,2,4
Who does the action affect?,Tell us which social sphere is most affected by the action described in the statement.,"english, commonsense",excluding,excluding from an activity,305.454783,expanded,bullying,bullying children during school,157.8225755,expanded,requesting,requesting,60.12897351,basic,1,2,4
Who does the action affect?,Tell us which social sphere is most affected by the action described in the statement.,"english, commonsense",excluding,excluding from an activity,305.454783,expanded,bullying,bullying children during school,157.8225755,expanded,requesting,requesting,60.12897351,basic,1,2,4
Who does the action affect?,Tell us which social sphere is most affected by the action described in the statement.,"english, commonsense",representing,representing someone as they actually are and not lying about it,47.87290533,expanded,considering,considering a 90's kid,159.8467137,basic,separating,separating a bully,511.216348,basic,4,4,4
Who does the action affect?,Tell us which social sphere is most affected by the action described in the statement.,"english, commonsense",representing,representing someone as they actually are and not lying about it,47.87290533,expanded,considering,considering a 90's kid,159.8467137,basic,separating,separating a bully,511.216348,basic,1,4,1
Who does the action affect?,Tell us which social sphere is most affected by the action described in the statement.,"english, commonsense",representing,representing someone as they actually are and not lying about it,47.87290533,expanded,considering,considering a 90's kid,159.8467137,basic,separating,separating a bully,511.216348,basic,1,0,1
Who does the action affect?,Tell us which social sphere is most affected by the action described in the statement.,"english, commonsense",requesting,requesting a different nurse if you think the nurse you have is bring rude,92.2818336,expanded,defrauding,defrauding your family,78.91350768,basic,committing,committing sexual acts in front of your parents,31.91142378,expanded,0,2,2
Who does the action affect?,Tell us which social sphere is most affected by the action described in the statement.,"english, commonsense",requesting,requesting a different nurse if you think the nurse you have is bring rude,92.2818336,expanded,defrauding,defrauding your family,78.91350768,basic,committing,committing sexual acts in front of your parents,31.91142378,expanded,0,1,1
Who does the action affect?,Tell us which social sphere is most affected by the action described in the statement.,"english, commonsense",requesting,requesting a different nurse if you think the nurse you have is bring rude,92.2818336,expanded,defrauding,defrauding your family,78.91350768,basic,committing,committing sexual acts in front of your parents,31.91142378,expanded,1,2,1
Who does the action affect?,Tell us which social sphere is most affected by the action described in the statement.,"english, commonsense",bullying,bullying a partner into getting help for a mental issue when they're not ready,30.82352974,expanded,excluding,excluding family from ceremonies,8497.251755,expanded,flushing,flushing the toilet using it,79.9109413,expanded,1,2,1
Who does the action affect?,Tell us which social sphere is most affected by the action described in the statement.,"english, commonsense",bullying,bullying a partner into getting help for a mental issue when they're not ready,30.82352974,expanded,excluding,excluding family from ceremonies,8497.251755,expanded,flushing,flushing the toilet using it,79.9109413,expanded,1,2,3
Who does the action affect?,Tell us which social sphere is most affected by the action described in the statement.,"english, commonsense",bullying,bullying a partner into getting help for a mental issue when they're not ready,30.82352974,expanded,excluding,excluding family from ceremonies,8497.251755,expanded,flushing,flushing the toilet using it,79.9109413,expanded,1,2,0
