Title,Description,Keywords,Answer.barn-born,Answer.caught-cot,Answer.collar-caller,Answer.current_city,Answer.current_state,Answer.don-dawn,Answer.father_city,Answer.father_country,Answer.father_state,Answer.grade_school_city,Answer.grade_school_state,Answer.highschool_city,Answer.highschool_state,Answer.junior_high_city,Answer.junior_high_state,Answer.kindergarden_city,Answer.kindergarden_state,Answer.la-law,Answer.moll-mall,Answer.mother_city,Answer.mother_country,Answer.mother_state,Answer.otto-auto,Answer.pause-paws,Answer.rather-bother,Answer.taught-tot,Answer.tock-talk,Answer.tommy-salami
Linguistic survey,Help us understand how dialects spread throughout America,"language, dialect, research, sounds",different,same,same,Gainesville,FL,different,Ankara,Turkey,Outside,Gainesville,FL,Gainesville,FL,Gainesville,FL,Gainesville,FL,different,same,Grand Rapids,,MI,different,same,same,same,different,same
Linguistic survey,Help us understand how dialects spread throughout America,"language, dialect, research, sounds",different,same,same,Murray,KY,same,Martinsville,,IN,Brandenburg,KY,Brandenburg,AL,Brandenburg,KY,Brandenburg,KY,same,same,Brandenburg,,KY,same,same,same,same,different,same
Linguistic survey,Help us understand how dialects spread throughout America,"language, dialect, research, sounds",different,different,same,Walnut Creek,CA,different,Allen Park,,MI,Montessori Learning Center,MI,Rosedale Academy,VA,Homeschooled,VA,Montessori Learning Center,MI,different,same,Flat Rock,,MI,different,same,same,different,different,same
Linguistic survey,Help us understand how dialects spread throughout America,"language, dialect, research, sounds",different,same,same,Eureka,CA,same,San Francisco,,CA,Eugene,OR,Eugene,OR,Eugene,OR,Eugene,OR,same,same,Eugene,,OR,same,same,same,same,same,same
Linguistic survey,Help us understand how dialects spread throughout America,"language, dialect, research, sounds",different,different,same,Silver Spring,MD,different,Montross,,VA,Capital Heights,MD,Bladensburg,MD,Camp Springs,MD,Suitland,MD,different,same,Washington,,DC,same,same,same,different,different,same
Linguistic survey,Help us understand how dialects spread throughout America,"language, dialect, research, sounds",different,different,same,Florence,SC,same,Atlanta,,GA,Pamplico,SC,Pamplico,SC,Columbia,SC,Pamplico,SC,different,different,Pamplico,,SC,same,same,same,different,different,different
Linguistic survey,Help us understand how dialects spread throughout America,"language, dialect, research, sounds",different,same,same,Huntsville,AL,same,Shawnee,,KS,Bonner Springs,KS,Leavenworth,KS,Bonner Springs,KS,Edwardsville,KS,different,same,Shawnee,,KS,same,same,same,same,different,same
Linguistic survey,Help us understand how dialects spread throughout America,"language, dialect, research, sounds",different,same,different,Waynesboro,VA,different,,,CA,,VA,Arlington,VA,Arlington,VA,,VA,same,different,,,CA,same,same,same,same,different,different
Linguistic survey,Help us understand how dialects spread throughout America,"language, dialect, research, sounds",different,different,different,Summerfield,FL,different,Royal Oak,,MI,Madison Heights,MI,Rochester Hills,MI,Rochester Hills,MI,Warren,MI,different,same,Royal Oak,,MI,same,same,different,different,different,same
Linguistic survey,Help us understand how dialects spread throughout America,"language, dialect, research, sounds",different,different,different,Madison,AL,different,Jackson,,MS,Jackson,MS,Pass Christian,MS,Jackson,MS,Jackson,MS,different,same,Jackson,,MS,different,same,same,different,different,same
Linguistic survey,Help us understand how dialects spread throughout America,"language, dialect, research, sounds",different,different,different,Los Angeles,CA,different,London,England,Outside,Mission Viejo,CA,Laguna Hills,CA,Mission Viejo,CA,Mission Viejo,CA,different,different,Nairobi,Kenya,Outside,different,same,different,different,different,same
Linguistic survey,Help us understand how dialects spread throughout America,"language, dialect, research, sounds",different,different,different,SAN GABRIEL,CA,same,CHESTER,,VA,WASHINGTON,DC,WASHINGTON,DC,WASHINGTON,DC,WASHINGTON,DC,different,different,WASHINGTON,,DC,different,same,same,different,different,different
Linguistic survey,Help us understand how dialects spread throughout America,"language, dialect, research, sounds",different,different,different,Hampton,VA,same,Tacoma Park,,MD,Everett,PA,Hampton,VA,Everett,PA,Everett,PA,different,different,York,,PA,different,different,same,different,different,same
Linguistic survey,Help us understand how dialects spread throughout America,"language, dialect, research, sounds",different,same,same,Germantown,MD,same,Germantown,,MD,Gaithersburg,MD,Gaithersburg,MD,Gaithersburg,MD,Gaithersburg,MD,different,same,Brooklyn,,NY,same,same,same,same,same,different
Linguistic survey,Help us understand how dialects spread throughout America,"language, dialect, research, sounds",different,different,different,Austin,TX,different,San Antonio,,TX,San Antonio,TX,Katy,TX,Katy,TX,San Antonio,TX,different,same,Baltimore,,MD,different,same,same,different,different,same
Linguistic survey,Help us understand how dialects spread throughout America,"language, dialect, research, sounds",different,same,same,hanahan,SC,same,oxford,usa,NC,greensboro,NC,greensboro,NC,greensboro,NC,greensboro,NC,same,same,reidsville,usa,NC,different,same,different,same,different,same
Linguistic survey,Help us understand how dialects spread throughout America,"language, dialect, research, sounds",different,same,different,baltimore,MD,same,baltimore,,MD,baltimore,MD,baltimore,MD,baltimore,MD,baltimore,MD,different,same,baltimore,,MD,same,same,same,different,different,different
Linguistic survey,Help us understand how dialects spread throughout America,"language, dialect, research, sounds",different,different,different,Canyon Lake,TX,different,Escanaba,,MI,Kalamazoo,MI,Kalamazoo,MI,Kalamazoo,MI,Kalamazoo,MI,different,different,Escanaba,,MI,different,same,same,different,different,same
Linguistic survey,Help us understand how dialects spread throughout America,"language, dialect, research, sounds",different,different,different,Memphis,TN,different,Coldwater,,MS,Memphis,TN,Memphis,TN,Memphis,TN,Memphis,TN,different,different,Hernando,,MS,different,same,different,different,different,same
Linguistic survey,Help us understand how dialects spread throughout America,"language, dialect, research, sounds",different,same,same,Jackson,MI,same,Marshall,,MI,Homer,MI,Homer,MI,Homer,MI,Homer,MI,different,same,Homer,,MI,same,same,same,same,same,same
Linguistic survey,Help us understand how dialects spread throughout America,"language, dialect, research, sounds",different,different,different,Seattle,WA,different,Minneapolis,,MN,Rochester,MN,Rochester,MN,Rochester,MN,Rochester,MN,different,different,Minneapolis,,MN,same,different,different,different,different,same
Linguistic survey,Help us understand how dialects spread throughout America,"language, dialect, research, sounds",different,different,different,Columbia,MD,different,Danville,,VA,Danville,VA,Danville,VA,Danville,VA,Danville,VA,different,different,Yanceyville,,NC,different,different,different,different,different,same
Linguistic survey,Help us understand how dialects spread throughout America,"language, dialect, research, sounds",different,different,different,Longview,TX,different,Detroit,,MI,Taylor,MI,Brownstown,MI,Brownstown,MI,Taylor,MI,different,different,Lincoln Park,,MI,different,same,same,different,different,same
Linguistic survey,Help us understand how dialects spread throughout America,"language, dialect, research, sounds",different,different,same,Cincinnati,OH,different,Cincinnati,,OH,Cincinnati,OH,CIncinnati,OH,Cincinnati,OH,Cincinnati,OH,different,same,Cincinnati,,OH,same,same,same,different,different,same
Linguistic survey,Help us understand how dialects spread throughout America,"language, dialect, research, sounds",different,different,different,Canton,GA,different,Philadelphia,,PA,Middletown,DE,Middletown,DE,Middletown,DE,New Castle,DE,different,different,New Castle,,DE,different,same,different,different,different,same
Linguistic survey,Help us understand how dialects spread throughout America,"language, dialect, research, sounds",same,same,same,new bern,NC,same,princeton,,NJ,hopewell,NJ,pennington,NJ,pennington,NJ,hopewell,NJ,different,same,princeton,,NJ,same,same,same,different,same,same
Linguistic survey,Help us understand how dialects spread throughout America,"language, dialect, research, sounds",different,same,different,New York,NY,different,Bethesda,,MD,Laurel,MD,Laurel,MD,Laurel,MD,Laurel,MD,different,same,Wilton,,CT,same,same,same,same,different,same
Linguistic survey,Help us understand how dialects spread throughout America,"language, dialect, research, sounds",different,different,same,Kansas City,MO,same,Deacter,,IL,Buffalo,MO,Buffalo,MO,Buffalo,MO,Buffalo,MO,same,same,Decater,,IL,different,same,same,same,different,different
Linguistic survey,Help us understand how dialects spread throughout America,"language, dialect, research, sounds",different,same,same,Oklahoma City,OK,same,Davenport,,IA,Farmington,NM,Anchorage,AK,Bartlesville,OK,Amarillo,TX,same,different,Davenport,,IA,same,same,same,same,same,different
Linguistic survey,Help us understand how dialects spread throughout America,"language, dialect, research, sounds",different,same,same,Chicago,IL,same,Chicago,,IL,Chicago,IL,Chicago,IL,Chicago,IL,Chicago,IL,same,same,Chicago,,IL,same,same,same,same,same,same
Linguistic survey,Help us understand how dialects spread throughout America,"language, dialect, research, sounds",different,different,different,HOUSTON,TX,same,HOUSTON,,TX,B,TX,B,TX,B,TX,B,TX,different,same,HOUSTON,,TX,different,different,same,different,same,different
Linguistic survey,Help us understand how dialects spread throughout America,"language, dialect, research, sounds",different,different,different,vero beach,FL,different,warwick,,RI,warwick,RI,warwick,RI,fort pierce,FL,warwick,RI,different,same,warwick,,RI,different,same,same,different,different,same
Linguistic survey,Help us understand how dialects spread throughout America,"language, dialect, research, sounds",different,different,different,Washingtonville,NY,different,The Bronx,,NY,The Bronx,NY,The Bronx,NY,The Bronx,NY,The Bronx,NY,different,different,The Bronx,,NY,different,same,same,different,different,same
Linguistic survey,Help us understand how dialects spread throughout America,"language, dialect, research, sounds",different,different,different,Denver,CO,different,Catskill,,NY,Hartford,CT,Hartford,CT,Hartford,CT,Hartford,CT,different,different,Brooklyn,,NY,different,same,same,different,different,same
Linguistic survey,Help us understand how dialects spread throughout America,"language, dialect, research, sounds",different,different,different,Horn Lake,MS,different,,Williamson,AL,Bon Aqua,TN,Horn Lake,MS,Horn Lake,MS,Bon Aqua,TN,different,different,,Williamson,AL,same,same,same,different,different,same
Linguistic survey,Help us understand how dialects spread throughout America,"language, dialect, research, sounds",different,same,same,Ringgold,GA,same,,,WV,Chattanooga,TN,Chattanooga,TN,Chattanooga,TN,Pittsburgh,PA,different,same,,,WV,same,same,same,same,same,same
Linguistic survey,Help us understand how dialects spread throughout America,"language, dialect, research, sounds",different,same,same,colorado springs,CO,same,houston,,TX,colorado springs,CO,colorado springs,CO,colorado springs,CO,colorado springs,CO,different,same,new river,,AZ,same,same,same,same,different,same
Linguistic survey,Help us understand how dialects spread throughout America,"language, dialect, research, sounds",same,same,same,,AL,same,,,AL,Charlotte,NC,Monroe,AL,Monroe,NC,Cape Charles,VA,different,same,,,AL,same,same,different,same,different,different
Linguistic survey,Help us understand how dialects spread throughout America,"language, dialect, research, sounds",different,different,same,Minneapolis,MN,different,Paterson,,NJ,San Francisco,CA,San Anselmo,CA,Corte Madera,CA,San Francisco,CA,different,different,Paterson,,NJ,same,same,same,same,same,same
Linguistic survey,Help us understand how dialects spread throughout America,"language, dialect, research, sounds",different,same,same,Grand Bay,AL,different,Mobile,,AL,Grand Bay,AL,Grand Bay,AL,Grand Bay,AL,Mobile,AL,different,same,Mobile,,AL,same,same,same,same,different,same
Linguistic survey,Help us understand how dialects spread throughout America,"language, dialect, research, sounds",different,,different,Orlando,FL,same,Kississimee,,FL,Orlando,FL,Orlando,FL,Orlando,FL,Orlando,FL,same,same,Atlanta,,GA,same,same,same,,same,same
Linguistic survey,Help us understand how dialects spread throughout America,"language, dialect, research, sounds",same,same,same,pittsburgh,PA,same,johnstown,,PA,johnstown,PA,johnstown,PA,johnstown,PA,johnstown,PA,different,same,akron,,OH,same,same,same,same,same,same
Linguistic survey,Help us understand how dialects spread throughout America,"language, dialect, research, sounds",different,different,different,Clearwater,FL,same,Milwaukee,,WI,Milwaukee,WI,Clearwater,FL,Clearwater,FL,Milwaukee,WI,different,different,Milwaukee,,WI,different,same,same,different,different,same
Linguistic survey,Help us understand how dialects spread throughout America,"language, dialect, research, sounds",different,different,different,Lancaster,PA,different,Lebanon,Lebanon,PA,Lebanon,PA,Lancaster,PA,Lebanon,PA,Lebanon,PA,different,different,Lancaster,Lancaster,PA,different,different,same,different,different,same
Linguistic survey,Help us understand how dialects spread throughout America,"language, dialect, research, sounds",different,same,same,Oakland,CA,same,Reedley,,CA,Pleasant Valley,CA,Grass Valley,CA,Grass Valley,CA,Pleasant Valley,CA,different,same,Redding,,CA,same,same,same,same,different,same
Linguistic survey,Help us understand how dialects spread throughout America,"language, dialect, research, sounds",different,same,same,Bethpage,TN,same,Castalian Springs,,TN,Bethpage,TN,Westmoreland,TN,Westmoreland,TN,Bethpage,TN,different,same,Rock Bridge,,TN,different,same,same,same,different,different
Linguistic survey,Help us understand how dialects spread throughout America,"language, dialect, research, sounds",different,different,same,Hyattsville,MD,different,Kinnelon,,NJ,Fredericksburg,VA,Fredericksburg,VA,Fredericksburg,VA,Fredericksburg,VA,different,same,Kinnelon,,NJ,different,same,same,different,different,same
Linguistic survey,Help us understand how dialects spread throughout America,"language, dialect, research, sounds",different,same,same,Camano Island,WA,same,Paonia,,CO,Gales Ferry,CT,Stanwood,WA,Gales Ferry,CT,Two Rock,CA,different,same,Seattle,,WA,same,different,same,same,same,same
Linguistic survey,Help us understand how dialects spread throughout America,"language, dialect, research, sounds",different,same,same,grand rapids,MI,different,post,,TX,dallas,TX,dallas,TX,dallas,TX,dallas,TX,different,different,abilene,,TX,same,same,same,same,different,different
Linguistic survey,Help us understand how dialects spread throughout America,"language, dialect, research, sounds",different,same,same,Pleasanton,TX,same,Salem,USA,IL,New London,TX,New London,TX,New London,TX,New London,TX,different,same,Henderson,USA,TX,different,same,same,different,different,same
Linguistic survey,Help us understand how dialects spread throughout America,"language, dialect, research, sounds",different,different,different,Boston,MA,different,Boston,,MA,Boston,MA,Boston,MA,Boston,MA,Boston,MA,different,different,Boston,,MA,different,different,same,different,different,same
Linguistic survey,Help us understand how dialects spread throughout America,"language, dialect, research, sounds",different,same,same,Phoenix,AZ,same,Austin,,TX,Buena Park,CA,Anaheim,CA,Anaheim,CA,Buena Park,CA,same,same,Fullerton,,CA,same,same,same,same,same,same
Linguistic survey,Help us understand how dialects spread throughout America,"language, dialect, research, sounds",different,different,same,New York,NY,different,Corona,,NM,Columbus,TX,El Paso,TX,El Paso,TX,Columbus,TX,different,different,Bay City,,MI,different,same,same,different,different,same
Linguistic survey,Help us understand how dialects spread throughout America,"language, dialect, research, sounds",different,different,same,Rio grande,NJ,different,Chester,,PA,lake forest,DE,AI DUpont,DE,burnet,DE,lake forest,DE,different,different,WIlmington,,DE,different,different,same,different,different,same
Linguistic survey,Help us understand how dialects spread throughout America,"language, dialect, research, sounds",different,same,same,Seminole,FL,same,Collierville,,TN,Seminole,FL,Seminole,FL,Seminole,FL,Seminole,FL,same,same,Nassau,Bahamas,Outside,same,same,same,same,same,same
Linguistic survey,Help us understand how dialects spread throughout America,"language, dialect, research, sounds",different,same,same,miami,FL,same,minneapolis,,MN,minneapolis,MN,Minneapolis,MN,minneapolis,MN,minneapolis,MN,different,same,minneapolis,,MN,same,different,same,same,different,different
Linguistic survey,Help us understand how dialects spread throughout America,"language, dialect, research, sounds",different,different,same,new york,NY,different,erie,,PA,philadelphia,PA,philadelphia pa,PA,philadelphia pa,PA,philadelphia,PA,different,same,philadlephia,,PA,same,same,same,different,different,same
Linguistic survey,Help us understand how dialects spread throughout America,"language, dialect, research, sounds",different,different,different,Statesville,NC,different,Statesville,United States,NC,Statesville,NC,Statesville,NC,Statesville,NC,Statesville,NC,different,different,Statesville,United States,NC,same,same,same,different,different,same
Linguistic survey,Help us understand how dialects spread throughout America,"language, dialect, research, sounds",different,same,different,Gallipolis,OH,same,Gallipolis,,OH,Newark,OH,Millersport,OH,Millersport,OH,Newark,OH,different,same,Columbus,,OH,same,same,same,same,different,same
Linguistic survey,Help us understand how dialects spread throughout America,"language, dialect, research, sounds",different,different,different,Wheeling,WV,same,Bethel Park,,PA,Washington,PA,Washington,PA,Washington,PA,Washington,PA,different,different,Peters Township,,PA,different,different,same,different,different,same
Linguistic survey,Help us understand how dialects spread throughout America,"language, dialect, research, sounds",different,same,same,lehigh acres,FL,same,middletown,,NY,standish,ME,portland,ME,standish,ME,standish,ME,different,same,chicago,,IL,same,same,same,same,same,same
Linguistic survey,Help us understand how dialects spread throughout America,"language, dialect, research, sounds",different,different,different,Irving,TX,different,Natchez,,MS,Florissant,MO,Florissant,MO,Florissant,MO,Florissant,MO,different,same,Brewton,,AL,same,same,same,different,same,same
Linguistic survey,Help us understand how dialects spread throughout America,"language, dialect, research, sounds",different,same,different,Omaha,NE,different,Princeton,,MO,Lincoln,NE,Lincoln,NE,Lincoln,NE,Lincoln,NE,same,same,Trenton,,MO,same,same,same,same,different,same
Linguistic survey,Help us understand how dialects spread throughout America,"language, dialect, research, sounds",different,same,same,,AL,same,,,AL,,AL,Kettering,OH,Kettering,OH,,AL,different,same,,,AL,same,same,same,same,different,same
Linguistic survey,Help us understand how dialects spread throughout America,"language, dialect, research, sounds",different,different,different,comstock park,MI,different,rockford,,MI,rockford,MI,rockford,MI,rockford,MI,rockford,MI,different,different,white plains,,NY,different,same,same,different,different,same
Linguistic survey,Help us understand how dialects spread throughout America,"language, dialect, research, sounds",different,same,same,Chicago,IL,same,Gualdo Tadino,Italy,Outside,"Milan, Italy",Outside,Arlington Heights,IL,"Milan, Italy",Outside,"Milan, Italy",Outside,different,different,Amsterdam,Holland,Outside,same,same,same,same,different,different
Linguistic survey,Help us understand how dialects spread throughout America,"language, dialect, research, sounds",different,different,different,Redmond,WA,different,Monroe,,WI,Monroe,WI,Monroe,WI,Monroe,WI,Monroe,WI,different,same,Beloit,,WI,same,same,same,different,different,same
Linguistic survey,Help us understand how dialects spread throughout America,"language, dialect, research, sounds",different,same,same,Benton,KY,same,Benton,,KY,Benton,KY,Benton,KY,Benton,KY,Benton,KY,same,same,Benton,,KY,same,same,same,same,different,same
Linguistic survey,Help us understand how dialects spread throughout America,"language, dialect, research, sounds",different,same,same,Poteau,OK,same,Newberry Springs,,CA,Wilburton,OK,Wilburton,OK,Wilburton,OK,San Jose,CA,same,same,San Jose,,CA,different,same,same,same,different,different
Linguistic survey,Help us understand how dialects spread throughout America,"language, dialect, research, sounds",different,different,different,Delray Beach,FL,different,San Jose De Ocoa,Dominican Republic,AL,Brooklyn,NY,Queens,NY,Brooklyn,NY,Brooklyn,NY,different,different,San Jose De Ocoa,Dominican Republic,AL,different,same,same,different,different,same
Linguistic survey,Help us understand how dialects spread throughout America,"language, dialect, research, sounds",different,different,same,Denver,CO,different,Aurora,,IL,Aurora,IL,Aurora,IL,Aurora,IL,Aurora,IL,different,same,Aurora,,IL,different,same,same,different,different,same
Linguistic survey,Help us understand how dialects spread throughout America,"language, dialect, research, sounds",different,different,same,Fort Collins,CO,different,Milbank,,SD,Laramie,WY,Laramie,WY,Laramie,WY,Laramie,WY,different,different,New Richmond,,WI,different,different,same,different,different,same
Linguistic survey,Help us understand how dialects spread throughout America,"language, dialect, research, sounds",different,same,same,Salt Lake City,UT,same,San Diego,,CA,Salt Lake City,UT,Salt Lake City,UT,Salt Lake City,UT,Salt Lake City,UT,same,same,Salt Lake City,,UT,same,same,same,same,same,same
Linguistic survey,Help us understand how dialects spread throughout America,"language, dialect, research, sounds",different,same,same,Sacramento,CA,different,Chicago,,IL,Sacramento,CA,Sacramento,CA,Sacramento,CA,Sacramento,CA,different,same,Hong Kong,China,Outside,different,different,same,same,different,same
Linguistic survey,Help us understand how dialects spread throughout America,"language, dialect, research, sounds",different,different,different,salem,IL,different,jackson,,MI,jackson,MI,Jackson,MI,jackson,MI,jackson,MI,different,different,jackson,,MI,different,same,same,different,different,same
Linguistic survey,Help us understand how dialects spread throughout America,"language, dialect, research, sounds",different,different,different,Chicago,IL,different,Detroit,,MI,Trenton,MI,Trenton,MI,Trenton,MI,Taylor,MI,different,same,Detroit,,MI,different,same,same,different,different,same
Linguistic survey,Help us understand how dialects spread throughout America,"language, dialect, research, sounds",different,same,same,Fort Wainwright,AK,different,Saint Louis,,MO,Nashville,TN,Lewisville,TX,Grapevine,TX,Saint Louis,MO,different,different,Ashland,,OH,same,same,same,same,different,same
Linguistic survey,Help us understand how dialects spread throughout America,"language, dialect, research, sounds",different,same,same,Brighton,CO,different,Warren,,MI,Warren,MI,Brighton,CO,Northglenn,CO,Rochester Hills,MI,different,different,Mount Clemens,,MI,same,same,same,same,same,same
Linguistic survey,Help us understand how dialects spread throughout America,"language, dialect, research, sounds",different,same,same,CHADDS FORD,PA,same,,Portugal,AL,Hudson,MA,Hudson,MA,Hudson,MA,Hudson,MA,different,same,,Portugal,AL,same,same,different,same,same,different
Linguistic survey,Help us understand how dialects spread throughout America,"language, dialect, research, sounds",different,different,same,Nashville,TN,different,Detroit,,MI,Lansdale,PA,Alpharetta,GA,Alpharetta,GA,Lansdale,PA,different,same,Newark,,NJ,same,same,same,different,different,same
Linguistic survey,Help us understand how dialects spread throughout America,"language, dialect, research, sounds",different,different,different,Dunnellon,FL,different,Mahwah,,NJ,Wyckoff,NJ,Franklin Lakes,NJ,Wyckoff,NJ,Waldwick,NJ,different,different,Brooklyn,,NY,different,same,same,different,different,same
Linguistic survey,Help us understand how dialects spread throughout America,"language, dialect, research, sounds",different,same,same,Overland Park,KS,same,Miami,,OK,Seneca,MO,Seneca,MO,Seneca,MO,Seneca,MO,same,same,Miami,,OK,same,same,same,same,same,same
Linguistic survey,Help us understand how dialects spread throughout America,"language, dialect, research, sounds",different,different,different,Guilford,CT,different,Guilford,,CT,Colchester,CT,Colchester,CT,Colchester,CT,Colchester,CT,different,different,Colchester,,CT,same,same,same,different,same,same
Linguistic survey,Help us understand how dialects spread throughout America,"language, dialect, research, sounds",different,same,same,Pittsburg,KS,same,Pittsburg,first-generation Lebanese,KS,Pittsburg,KS,Pittsburg,KS,Pittsburg,KS,Pittsburg,KS,same,same,Pittsburg,,KS,same,same,same,same,same,same
Linguistic survey,Help us understand how dialects spread throughout America,"language, dialect, research, sounds",different,different,same,Levittown,NY,different,Hicksville,,NY,Astoria,NY,Astoria,NY,Astoria,NY,Belo Horizonte,Outside,different,same,Hicksville,,NY,different,same,same,different,different,same
Linguistic survey,Help us understand how dialects spread throughout America,"language, dialect, research, sounds",different,same,different,Davis,CA,different,Topeka,,KS,Yermo,CA,Yermo,CA,Yermo,CA,Yermo,CA,different,,Barstow,,CA,different,same,different,,same,same
Linguistic survey,Help us understand how dialects spread throughout America,"language, dialect, research, sounds",different,same,same,Martinsburg,WV,different,Lansing,,MI,Bethesda,MD,Bethesda,MD,Bethesda,MD,Paw Paw,MI,different,same,Muskegon,,MI,same,same,different,same,different,different
Linguistic survey,Help us understand how dialects spread throughout America,"language, dialect, research, sounds",different,different,different,rockford,IL,different,,india,AL,waukesha,WI,rockford,IL,rockford,IL,new berlin,WI,different,different,,India,AL,different,different,same,different,different,same
Linguistic survey,Help us understand how dialects spread throughout America,"language, dialect, research, sounds",different,different,different,North Tonawanda,NY,different,Buffalo,,NY,St. Paul's Elementary,NY,"Kenmore East, Senior HS",NY,St. Paul's Elementary,NY,St. Paul's Elementary,NY,different,different,Buffalo,,NY,same,same,same,different,different,same
Linguistic survey,Help us understand how dialects spread throughout America,"language, dialect, research, sounds",different,different,different,Topeka,KS,same,Topeka,,KS,Topeka,KS,Topeka,KS,Topeka,KS,Topeka,KS,different,different,Topeka,,KS,different,different,same,different,different,same
Linguistic survey,Help us understand how dialects spread throughout America,"language, dialect, research, sounds",different,different,different,fayetteville,NC,different,bronx,,NY,spring lake,NC,fayetteville,NC,fayetteville,NC,bronx,NY,different,different,bronx,,NY,different,different,same,different,different,same
Linguistic survey,Help us understand how dialects spread throughout America,"language, dialect, research, sounds",different,different,different,Charleston,SC,different,Birmingham,,AL,Birmingham,AL,Atlanta,GA,Atlanta,GA,Birmingham,AL,different,different,Barnwell,,SC,different,same,same,different,different,same
Linguistic survey,Help us understand how dialects spread throughout America,"language, dialect, research, sounds",different,different,different,Clemmons,NC,different,Schenectady,,NY,Schenectady,NY,Schenectady,NY,Schenectady,NY,Schenectady,NY,different,different,Schenectady,,NY,different,same,same,different,different,same
Linguistic survey,Help us understand how dialects spread throughout America,"language, dialect, research, sounds",different,different,same,saltillo,MS,different,greenwood,usa,MS,leland elementry,MS,Leland High,MS,Lincole Middle,MS,none,AL,different,same,greenville,usa,MS,same,same,same,different,different,same
Linguistic survey,Help us understand how dialects spread throughout America,"language, dialect, research, sounds",different,different,same,Somerville,NJ,different,Kaohsiung,Taiwan,Outside,James Madison Elementary,NJ,Montgomery High,NJ,Bert Lynn Middle School,CA,James Madison Elementary,NJ,different,same,Tainan,Taiwan,Outside,different,same,same,different,different,same
Linguistic survey,Help us understand how dialects spread throughout America,"language, dialect, research, sounds",same,same,different,Milwaukee,WI,different,Milwaukee,,WI,Milwaukee,WI,Milwaukee,WI,Milwaukee,WI,Milwaukee,WI,same,same,Milwaukee,,WI,different,same,same,different,different,same
Linguistic survey,Help us understand how dialects spread throughout America,"language, dialect, research, sounds",different,same,different,Granby,MA,same,Chicopee,,MA,Chicopee Falls,MA,Chicopee,MA,Chicopee,MA,Chicopee Falls,MA,same,different,Ludlow,,MA,different,same,different,same,same,different
Linguistic survey,Help us understand how dialects spread throughout America,"language, dialect, research, sounds",different,different,different,scranton,PA,different,scranton,,PA,scranton,PA,scranton,PA,scranton,PA,scranton,PA,different,different,scranton,,PA,different,same,same,different,different,same
Linguistic survey,Help us understand how dialects spread throughout America,"language, dialect, research, sounds",different,different,different,New Castle,DE,different,New Castle,United States,DE,New Castle,DE,New Castle,DE,New Castle,DE,New Castle,DE,different,different,Newark,United States,DE,same,same,same,different,different,same
Linguistic survey,Help us understand how dialects spread throughout America,"language, dialect, research, sounds",different,different,different,Pelham,AL,same,Montgomery,,AL,Mobile Christian,AL,Mobile Christian,AL,Mobile Christian,AL,Mobile Christian,AL,different,same,Crestview,,FL,different,same,same,different,different,same
Linguistic survey,Help us understand how dialects spread throughout America,"language, dialect, research, sounds",different,same,same,Tacoma,WA,same,Shreveport,,LA,,LA,,LA,,LA,,LA,different,same,Shreveport,,LA,same,same,same,same,different,same
Linguistic survey,Help us understand how dialects spread throughout America,"language, dialect, research, sounds",different,same,same,Petersburg,IN,same,Monroe City,,IN,South Knox Elementary,IN,South Knox High School,IN,South Knox Middle School,IN,South Knox Elementary,IN,different,same,Monroe City,,IN,same,same,same,same,different,same
Linguistic survey,Help us understand how dialects spread throughout America,"language, dialect, research, sounds",different,different,different,Rosemount,MN,different,St. Paul,,MN,St. Paul,MN,Mendota Heights,MN,Mendota Heights,MN,St. Paul,MN,different,different,Minneapolis,,MN,different,same,same,different,different,same
Linguistic survey,Help us understand how dialects spread throughout America,"language, dialect, research, sounds",different,same,same,dallas,TX,same,dallas,,TX,dallas,TX,dallas,TX,dallas,TX,dallas,TX,same,same,houston,,TX,same,different,same,same,different,same
Linguistic survey,Help us understand how dialects spread throughout America,"language, dialect, research, sounds",different,different,same,Holland,NY,different,Hornell,,NY,Holland,NY,Holland,NY,Holland,NY,Holland,NY,different,same,New York,,NY,same,same,same,same,different,same
Linguistic survey,Help us understand how dialects spread throughout America,"language, dialect, research, sounds",different,different,different,Hilo,HI,different,Hilo,,HI,Hilo,HI,Hilo,HI,Hilo,HI,Hilo,HI,different,different,HIlo,,HI,different,different,same,different,different,different
Linguistic survey,Help us understand how dialects spread throughout America,"language, dialect, research, sounds",different,same,same,Geneva,FL,same,Sacramento,,CA,Merritt Island,FL,Merritt Island,FL,Merritt Island,FL,Merritt Island,FL,same,same,Sacramento,,CA,same,same,same,same,same,same
Linguistic survey,Help us understand how dialects spread throughout America,"language, dialect, research, sounds",different,same,same,Covington,LA,same,Covington,,LA,Covington,LA,Covington,LA,Covington,LA,Covington,LA,different,different,Detroit,,MI,same,same,same,same,different,same
Linguistic survey,Help us understand how dialects spread throughout America,"language, dialect, research, sounds",different,same,different,Fall River,MA,different,Schenectady,,NY,Newark,DE,Bear,DE,Newark,DE,Newark,DE,different,same,Schenectady,,NY,same,same,same,same,same,same
Linguistic survey,Help us understand how dialects spread throughout America,"language, dialect, research, sounds",different,same,same,Orange,CA,same,,Korea,AL,Chino Hills,CA,Chino Hills,CA,Chino Hills,CA,Chino Hills,CA,different,same,,Korea,AL,same,same,same,same,same,same
Linguistic survey,Help us understand how dialects spread throughout America,"language, dialect, research, sounds",different,different,different,Saint Louis,MO,different,Trenton,,FL,Plant City,FL,Plant City,FL,Plant City,FL,Plant City,FL,different,different,Bowling Green,,KY,different,same,different,different,different,same
Linguistic survey,Help us understand how dialects spread throughout America,"language, dialect, research, sounds",different,same,same,Cleveland,OH,same,Bristol,,PA,Rochester,NY,Emmaus,PA,Emmaus,PA,Rochester,NY,different,same,Dallas,,PA,different,same,same,different,same,same
Linguistic survey,Help us understand how dialects spread throughout America,"language, dialect, research, sounds",different,same,same,New York,NY,different,Goshen,,IN,Northridge,OH,Goshen,IN,Goshen,IN,Northridge,OH,different,same,Souderton,,PA,same,different,same,same,different,same
Linguistic survey,Help us understand how dialects spread throughout America,"language, dialect, research, sounds",different,different,different,Dorr,MI,different,Hudsonville,,MI,,MI,,MI,,MI,Hopkins,MI,different,different,Grandville,,MI,different,same,same,different,different,same
Linguistic survey,Help us understand how dialects spread throughout America,"language, dialect, research, sounds",different,different,different,Chicago,AL,different,,Poland,AL,Chicago,IL,Chicago,IL,Chicago,IL,Chicago,IL,different,different,,Poland,AL,different,same,same,different,different,same
Linguistic survey,Help us understand how dialects spread throughout America,"language, dialect, research, sounds",different,same,different,columbus,OH,same,washington court house,,OH,belle aire,OH,washington senior high,OH,washington junior high,OH,belle aire,OH,different,same,tipton,,MO,different,same,same,same,different,same
Linguistic survey,Help us understand how dialects spread throughout America,"language, dialect, research, sounds",different,different,different,Allentown,PA,different,Bethlehem,,PA,Allentown,PA,Allentown,PA,Allentown,PA,Allentown,PA,different,same,Bethlehem,,PA,different,same,same,different,different,same
Linguistic survey,Help us understand how dialects spread throughout America,"language, dialect, research, sounds",different,different,different,Hanover,MD,different,Wilmington,,DE,Baltimore,MD,Baltimore,MD,Baltimore,MD,Baltimore,MD,different,different,Brooklyn Park,,MD,different,same,same,different,different,same
Linguistic survey,Help us understand how dialects spread throughout America,"language, dialect, research, sounds",different,different,same,Boston,MA,different,Beaver Creek,,OH,Downingtown,PA,Downingtown,PA,Downingtown,PA,Downingtown,PA,different,same,Downingtown,,PA,different,same,same,different,different,same
Linguistic survey,Help us understand how dialects spread throughout America,"language, dialect, research, sounds",different,different,same,Huntsville,AL,different,Lawrance county,,AL,Huntsville,AL,Huntsville,AL,Huntsville,AL,,AL,same,different,Lawrance county,,AL,same,same,same,different,different,same
Linguistic survey,Help us understand how dialects spread throughout America,"language, dialect, research, sounds",different,different,different,Las Vegas,NV,different,Warren,,MI,Warren,MI,Warren,MI,Warren,MI,Warren,MI,different,different,Warren,,MI,different,different,different,different,different,same
Linguistic survey,Help us understand how dialects spread throughout America,"language, dialect, research, sounds",different,different,different,Christiansburg,VA,different,Bethesda,,MD,Simpsonville,MD,Simpsonville,MD,Ellicott City,MD,,AL,different,same,Wellseley,,MA,different,same,same,different,different,same
Linguistic survey,Help us understand how dialects spread throughout America,"language, dialect, research, sounds",different,different,different,Saint Peter,MN,different,Saint Peter,United States,MN,Saint Peter,MN,Saint Peter,MN,Saint Peter,MN,Saint Peter,AK,different,different,Saint Peter,United States,MN,different,same,same,different,different,different
Linguistic survey,Help us understand how dialects spread throughout America,"language, dialect, research, sounds",different,same,same,Princeton,NJ,same,San Antonio,,TX,Houston,TX,Atlanta,GA,Atlanta,GA,Charlottesville,VA,same,same,Houston,,TX,same,same,same,same,same,same
Linguistic survey,Help us understand how dialects spread throughout America,"language, dialect, research, sounds",different,same,different,Mojave,CA,different,Chicago,,IL,Long Beach,CA,Palmdale,CA,Littlerock,CA,Torrance,CA,same,same,Burbank,,CA,different,same,same,same,same,same
Linguistic survey,Help us understand how dialects spread throughout America,"language, dialect, research, sounds",different,different,same,Stanton,KY,different,Rosslyn,,KY,Bowen,KY,Stanton,KY,Stanton,KY,Bowen,KY,different,same,Rosslyn,,KY,same,same,same,different,different,same
Linguistic survey,Help us understand how dialects spread throughout America,"language, dialect, research, sounds",different,different,different,latrobe,PA,different,latrobe,,PA,latrobe,PA,latrobe,PA,latrobe,PA,baggaley,PA,different,different,greensburg,,PA,different,different,same,different,different,same
Linguistic survey,Help us understand how dialects spread throughout America,"language, dialect, research, sounds",different,different,different,New York,NY,different,Chicago,,IL,Elmhurst,IL,Elmhurst,IL,Elmhurst,IL,Elmhurst,IL,different,different,Elmhurst,,IL,different,same,same,different,different,same
Linguistic survey,Help us understand how dialects spread throughout America,"language, dialect, research, sounds",different,different,same,Virginia Beach,VA,different,Gladstone,,MI,Gladstone,MI,Gladstone,MI,Gladstone,MI,Gladstone,MI,different,same,Escanaba,,MI,same,same,same,same,same,same
Linguistic survey,Help us understand how dialects spread throughout America,"language, dialect, research, sounds",different,same,same,brooksville,FL,same,tampa,,FL,clark elem,FL,hernando h.s.,FL,d.s. parrot m.s.,FL,sulpher springs elem,FL,same,same,tampa,,FL,same,same,same,same,same,same
Linguistic survey,Help us understand how dialects spread throughout America,"language, dialect, research, sounds",different,same,same,Reno,NV,same,A2NZ7RMSBXESNI,,CA,Saratoga,CA,Felton,CA,Felton,CA,Oakland,CA,same,same,San Jose,,CA,same,same,same,same,same,same
Linguistic survey,Help us understand how dialects spread throughout America,"language, dialect, research, sounds",different,same,same,Bloomingdale,GA,same,Pittsburgh,,PA,Bloomingdale,GA,Bloomingdale,GA,Bloomingdale,GA,Watertown,NY,different,same,Watertown,,NY,same,same,same,same,same,different
Linguistic survey,Help us understand how dialects spread throughout America,"language, dialect, research, sounds",different,different,different,Huntsville,AL,different,Terre Haute,,IN,"NC, MI, AL and two US Army schools in Germany",AL,Huntsville,AL,Huntsville,AL,,AL,different,different,Dearborn,,MI,different,same,same,different,different,same
Linguistic survey,Help us understand how dialects spread throughout America,"language, dialect, research, sounds",different,different,different,Bell,AL,different,Springfield,,IL,Indianola,IA,Concord,CA,Indianola,IA,Crosyby,TX,different,different,Tuscon,,AZ,different,same,different,different,different,same
Linguistic survey,Help us understand how dialects spread throughout America,"language, dialect, research, sounds",different,different,different,Ann Arbor,MI,different,Detroit,,MI,Garden City,MI,New Wilmington,PA,Garden City,MI,Garden City,MI,different,different,Southfield,,MI,different,same,different,different,different,same
Linguistic survey,Help us understand how dialects spread throughout America,"language, dialect, research, sounds",different,same,same,Cheyenne,WY,same,Minneapolis,,MN,Saint Louis Park,MN,Saint Louis Park,MN,Saint Louis Park,MN,Minneapolis,MN,different,same,Minneapolis,,MN,same,same,same,different,same,same
Linguistic survey,Help us understand how dialects spread throughout America,"language, dialect, research, sounds",different,same,same,San Lorenzo,CA,same,unknown,,DC,san lorenzo,CA,san lorenzo,CA,san lorenzo,CA,san leandro,CA,same,same,San Lorenzo,,CA,same,same,same,same,different,same
Linguistic survey,Help us understand how dialects spread throughout America,"language, dialect, research, sounds",different,different,different,Akron,OH,same,Akron,,OH,Akron,OH,Akron,OH,Akron,OH,Akron,OH,same,different,Akron,,OH,same,same,same,different,same,same
Linguistic survey,Help us understand how dialects spread throughout America,"language, dialect, research, sounds",different,same,same,Cramerton,NC,different,Charlotte,,NC,Jefferson Middle School,TN,East Gaston,NC,Jefferson Middle School,TN,Jefferson Elementary,TN,different,different,Charlotte,,NC,same,same,same,same,different,same
Linguistic survey,Help us understand how dialects spread throughout America,"language, dialect, research, sounds",different,different,same,Omaha,NE,different,Omaha,,NE,Omaha,NE,Omaha,NE,Omaha,NE,Omaha,NE,same,same,Omaha,,NE,same,same,same,same,same,same
Linguistic survey,Help us understand how dialects spread throughout America,"language, dialect, research, sounds",different,different,same,La Follette,TN,same,Manila,USA,AR,Lost Cane,AR,Manila,AR,Lost Cane,AR,Lost Cane,AR,different,different,Manila,USA,AR,same,same,different,different,different,different
Linguistic survey,Help us understand how dialects spread throughout America,"language, dialect, research, sounds",different,different,different,Greensboro,NC,different,Gallitzen,,PA,Duncansville,PA,Hollidaysburg,PA,Hollidaysburg,PA,Altoona,PA,different,different,Lock Haven,,PA,different,different,same,different,different,same
Linguistic survey,Help us understand how dialects spread throughout America,"language, dialect, research, sounds",different,different,different,Wilmington,NC,different,Danvile,,VA,Southport,NC,Boiling Spring Lakes,NC,Boiling Spring Lakes,NC,Southport,NC,different,different,Roxboro,,NC,different,same,same,different,different,same
Linguistic survey,Help us understand how dialects spread throughout America,"language, dialect, research, sounds",different,same,same,San Francisco,CA,same,Kowloon,Hong Kong,Outside,San Francisco,CA,San Francisco,CA,San Francisco,CA,San Francisco,CA,different,same,Kowloon,Hong Kong,Outside,same,same,same,same,same,same
Linguistic survey,Help us understand how dialects spread throughout America,"language, dialect, research, sounds",different,same,same,Seattle,WA,same,Seattle,,WA,Seattle,WA,Seattle,WA,Seattle,WA,Seattle,WA,same,same,Seattle,,WA,same,same,same,same,same,same
Linguistic survey,Help us understand how dialects spread throughout America,"language, dialect, research, sounds",different,different,different,Grand Junction,CO,different,Gaffney,,SC,Pioneer Elementry,UT,Granger High,UT,Valley Junior High,UT,Pioneer Elementry,UT,different,different,Sacremento,,CA,different,different,same,different,different,same
Linguistic survey,Help us understand how dialects spread throughout America,"language, dialect, research, sounds",different,different,same,Orlando,FL,different,Dubuque,,IA,DesMoines,IA,Sioux City,IA,DesMoines,IA,DesMoines,IA,different,same,Knoxville,,IA,same,different,same,different,different,same
Linguistic survey,Help us understand how dialects spread throughout America,"language, dialect, research, sounds",different,same,different,Prather,CA,same,Tulare,,CA,Tulare,CA,Tollhouse,CA,Tulare,CA,Tulare,CA,same,different,Tulare,,CA,different,same,different,different,different,different
Linguistic survey,Help us understand how dialects spread throughout America,"language, dialect, research, sounds",different,different,different,Frederick,MD,different,Carrollton,,GA,Mt Airy,MD,Mt Airy,MD,Mt Airy,MD,Mt Airy,MD,different,same,Knoxville,,TN,same,same,same,different,different,same
Linguistic survey,Help us understand how dialects spread throughout America,"language, dialect, research, sounds",different,same,different,Traverse City,MI,different,Garden City,,MI,Trenton,MI,Traverse City,MI,Traverse City,MI,Garden City,MI,different,same,Detroit,,MI,same,same,same,same,different,same
Linguistic survey,Help us understand how dialects spread throughout America,"language, dialect, research, sounds",different,different,same,Scotch Plains,NJ,different,York,,PA,Chicago,IL,Brooklyn,NY,Brooklyn,NY,Hannibal,MO,different,same,York,,PA,same,same,same,different,same,different
Linguistic survey,Help us understand how dialects spread throughout America,"language, dialect, research, sounds",different,same,same,salem,IN,same,Salem,,IN,salem,IN,salem,IN,salem,IN,Salem,IN,same,same,new albany,,IN,same,same,same,same,different,same
Linguistic survey,Help us understand how dialects spread throughout America,"language, dialect, research, sounds",different,same,different,Tacoma,WA,same,Carpinteria,,CA,Paso Robles,CA,Templeton,CA,Paso Robles,CA,Santa Ynez,CA,same,same,Apple Valley,,CA,same,same,same,same,same,same
Linguistic survey,Help us understand how dialects spread throughout America,"language, dialect, research, sounds",different,same,same,San Franscisco,CA,same,,India,Outside,,Outside,,Outside,,Outside,,Outside,different,same,,India,Outside,same,same,same,same,same,same
Linguistic survey,Help us understand how dialects spread throughout America,"language, dialect, research, sounds",different,same,same,Harrisburg,IL,same,Equality,,IL,Junction,IL,Junction,IL,Junction,IL,Junction,IL,same,same,Escanaba,,MI,same,same,different,same,same,same
Linguistic survey,Help us understand how dialects spread throughout America,"language, dialect, research, sounds",different,different,different,Toledo,OH,same,Toledo,,OH,Toledo,OH,Toledo,OH,Toledo,OH,Toledo,OH,same,same,Toledo,,OH,same,same,different,different,different,same
Linguistic survey,Help us understand how dialects spread throughout America,"language, dialect, research, sounds",different,same,same,New York,NY,same,Valley Stream,,NY,Hanover,NH,New York,NY,New York,NY,Hanover,NH,same,same,Leominster,,MA,same,same,same,same,same,same
Linguistic survey,Help us understand how dialects spread throughout America,"language, dialect, research, sounds",different,different,same,Virginia Beach,VA,same,Joplin,,MO,Norfolk,VA,Norfolk,VA,Norfolk,VA,Norfolk,VA,same,same,Demorest,,GA,different,same,different,same,different,same
Linguistic survey,Help us understand how dialects spread throughout America,"language, dialect, research, sounds",different,same,same,Sloan,NY,same,Buffalo,,NY,Amherst,NY,Amherst,NY,Amherst,NY,Buffalo,NY,different,same,Buffalo,,NY,same,same,same,same,same,different
Linguistic survey,Help us understand how dialects spread throughout America,"language, dialect, research, sounds",different,same,same,Dallas,TX,same,Machilipatnam,India,Outside,Rajahmundry,Outside,Hyderabad,Outside,Hyderabad,Outside,Kakinada,Outside,different,same,Machilipatnam,India,Outside,same,different,same,same,same,same
Linguistic survey,Help us understand how dialects spread throughout America,"language, dialect, research, sounds",different,different,different,st. cloud,FL,same,bronx,,NY,bronx,NY,bronx,NY,bronx,NY,bronx,NY,different,same,bronx,,NY,same,same,same,different,same,same
Linguistic survey,Help us understand how dialects spread throughout America,"language, dialect, research, sounds",different,same,same,Belle Vernon,PA,same,Brownstown,,PA,Belle Vernon,PA,Belle Vernon,PA,Belle Vernon,PA,Belle Vernon,PA,different,same,West Newton,,PA,same,same,same,same,same,same
Linguistic survey,Help us understand how dialects spread throughout America,"language, dialect, research, sounds",different,same,same,silver spring,MD,different,bowie,,MD,bowie,MD,severn,MD,bowie,MD,bowie,MD,different,same,bowie,,MD,same,same,different,same,different,same
Linguistic survey,Help us understand how dialects spread throughout America,"language, dialect, research, sounds",different,different,same,Springfield,OR,same,Medford,,OR,Gold Hill,OR,Central Point,OR,Gold Hill,OR,White City,OR,same,different,Medford,,OR,same,same,same,same,same,same
Linguistic survey,Help us understand how dialects spread throughout America,"language, dialect, research, sounds",different,different,different,DYERSBURG,TN,different,RIDGELY,,TN,LARA KENDALL,TN,LAKE COUNTY HIGH,TN,LARA KENDALL,TN,LARA KENDALL,TN,different,different,DYERBURG,,TN,different,same,same,different,different,same
Linguistic survey,Help us understand how dialects spread throughout America,"language, dialect, research, sounds",different,different,different,White Settlement,MI,different,Detroit,,MI,St. Thomas Apostle,MI,St. Thomas Apostle,MI,St. Thomas Apostle,MI,Trombley,MI,different,different,Detroit,,MI,different,same,same,different,different,same
Linguistic survey,Help us understand how dialects spread throughout America,"language, dialect, research, sounds",different,same,different,Richmond,CA,different,Marshall,,TX,Eureka,CA,Stuttgart,AR,Hot Springs,AR,Eureka,CA,different,different,San Leandro,,CA,same,same,same,same,different,same
Linguistic survey,Help us understand how dialects spread throughout America,"language, dialect, research, sounds",different,same,same,Jacksonville,FL,different,Waco,,TX,Jacksonville,FL,Jacksonville,FL,Jacksonville,FL,Jacksonville,FL,different,same,Manila,Philippines,Outside,same,different,same,same,same,same
Linguistic survey,Help us understand how dialects spread throughout America,"language, dialect, research, sounds",different,different,different,Sacramento,CA,different,Long Beach,,CA,Carson,CA,San Diego,CA,San Diego,CA,Carson,CA,different,different,Long Beach,,CA,different,different,same,different,different,same
Linguistic survey,Help us understand how dialects spread throughout America,"language, dialect, research, sounds",different,different,same,Dyersburg,TN,different,Finley,,TN,Finley,TN,Dyersburg,TN,Finley,TN,Finley,TN,different,same,Dyersburg,,TN,same,same,same,different,different,same
Linguistic survey,Help us understand how dialects spread throughout America,"language, dialect, research, sounds",different,same,same,Columbus,OH,different,Moundsville,,WV,,MO,,OH,,OH,,WV,different,same,Fayetteville,,WV,same,same,different,same,same,different
Linguistic survey,Help us understand how dialects spread throughout America,"language, dialect, research, sounds",different,same,different,Pasadena,CA,same,,Philippines,AL,Arcadia,CA,Pasadena,CA,Pasadena,CA,Arcadia,CA,different,same,,Philippines,AL,same,same,same,same,same,same
Linguistic survey,Help us understand how dialects spread throughout America,"language, dialect, research, sounds",different,same,same,Salt Lake City,UT,same,Multiple Locations,"Sorry, his family literally moved about every two years, across the US and Europe",Outside,Salt Lake City,UT,"Quito, Ecuador",Outside,"Quito, Ecuador",Outside,West Jordan,UT,same,same,?,France,Outside,same,same,same,same,same,same
Linguistic survey,Help us understand how dialects spread throughout America,"language, dialect, research, sounds",different,same,different,San Antonio,TX,same,,Saudi Arabia,AL,San Antonio,TX,San Antonio,TX,San Antonio,TX,San Antonio,TX,different,different,San Antonio,,TX,same,different,same,different,different,different
Linguistic survey,Help us understand how dialects spread throughout America,"language, dialect, research, sounds",different,different,different,Warwick,RI,different,Newport,,RI,Newport,RI,Middletown,RI,Newport,RI,Newport,RI,different,different,Newport,,RI,different,same,different,different,different,same
Linguistic survey,Help us understand how dialects spread throughout America,"language, dialect, research, sounds",different,different,same,Columbus,OH,different,Columbus,,OH,Columbus,OH,Columbus,OH,Columbus,OH,Columbus,OH,different,same,Bronx,,NY,same,same,same,same,same,same
Linguistic survey,Help us understand how dialects spread throughout America,"language, dialect, research, sounds",different,same,same,Littlestown,PA,same,Baltimore,,MD,Cumberland,MD,Cumberland,MD,Cumberland,MD,Cumberland,MD,same,same,Baltimore,,MD,same,same,same,same,different,different
Linguistic survey,Help us understand how dialects spread throughout America,"language, dialect, research, sounds",different,same,same,Lindenhurst,IL,different,North Chicago,,IL,can't remember name,LA,North Chicago Community High School,IL,A.J. Katzenmaier,IL,Hart,IL,different,same,Waukegan,,IL,different,same,same,same,different,same
Linguistic survey,Help us understand how dialects spread throughout America,"language, dialect, research, sounds",different,same,same,Jacksonville,FL,same,Trenton,,NJ,Orange Park,FL,Orange Park,FL,Orange Park,FL,Orange Park,FL,different,same,Jacksonville,,FL,same,same,same,same,different,different
Linguistic survey,Help us understand how dialects spread throughout America,"language, dialect, research, sounds",different,same,same,independence,KY,same,belknap,,KY,independence,KY,ft. mitchell,KY,edgewood,KY,independence,KY,same,same,mt.washington,,OH,same,same,same,same,same,same
Linguistic survey,Help us understand how dialects spread throughout America,"language, dialect, research, sounds",different,same,same,Burlington,VT,same,Rutland,,VT,Burlington,VT,Burlington,VT,Burlington,VT,Burlington,VT,different,same,Saint Albans,,VT,same,same,same,same,same,same
Linguistic survey,Help us understand how dialects spread throughout America,"language, dialect, research, sounds",different,different,different,middlesboro,KY,different,middlesboro,,KY,,KY,,KY,,KY,,KY,different,different,middlesboro,,KY,same,same,same,,different,different
Linguistic survey,Help us understand how dialects spread throughout America,"language, dialect, research, sounds",different,same,same,peru,IN,same,milleville,,NJ,,VA,,FL,,VA,,FL,different,same,milleville,,NJ,same,same,different,different,different,same
Linguistic survey,Help us understand how dialects spread throughout America,"language, dialect, research, sounds",different,different,different,Kershaw,SC,different,Kershaw,,SC,Kershaw,SC,Kershaw,SC,Kershaw,SC,Camden,SC,different,different,Kershaw,,SC,different,same,same,different,different,same
Linguistic survey,Help us understand how dialects spread throughout America,"language, dialect, research, sounds",different,same,different,SEATTLE,WA,same,SAN FRANCISCO,,CA,SEATTLE,WA,SEATTLE,WA,SEATTLE,WA,SEATTLE,WA,same,different,LINCOLN,,NE,same,same,different,same,different,
Linguistic survey,Help us understand how dialects spread throughout America,"language, dialect, research, sounds",different,different,different,Buford,GA,different,Bremen,,GA,Cumming,GA,Cumming,GA,Cumming,GA,Duluth,GA,different,different,Knoxville,,TN,different,different,same,different,different,same
Linguistic survey,Help us understand how dialects spread throughout America,"language, dialect, research, sounds",different,same,same,Pittsburgh,PA,same,BEAVER FALLS,,PA,ELLWOOD CITY,PA,ELLWOOD CITY,PA,ELLWOOD CITY,PA,ELLWOOD CITY,PA,different,different,ELLWOOD CITY,,PA,different,same,same,same,same,same
Linguistic survey,Help us understand how dialects spread throughout America,"language, dialect, research, sounds",different,same,different,North Hollywood,CA,same,Sherman Oaks,,CA,North Hollywood,CA,Sherman Oaks,CA,North Hollywood,CA,North Hollywood,CA,different,same,Manila,Philippines,Outside,different,same,same,same,different,same
Linguistic survey,Help us understand how dialects spread throughout America,"language, dialect, research, sounds",different,different,different,Waterbury,CT,different,Waterbury,,CT,West Side middle school,CT,Crosby High School,CT,,AL,Chase elementary School,CT,different,different,Waterbury,,CT,different,same,same,different,different,same
Linguistic survey,Help us understand how dialects spread throughout America,"language, dialect, research, sounds",same,same,same,Indianapolis,IN,same,Indianapolis,,IN,Indianapolis,IN,Indianapolis,IN,Indianapolis,IN,Indianapolis,IN,different,different,Indianapolis,,IN,same,different,same,different,different,same
Linguistic survey,Help us understand how dialects spread throughout America,"language, dialect, research, sounds",different,different,different,Springfield,PA,different,Minneapolis,,MN,Burnsville,MN,Apple Valley,MN,Apple Valley,MN,Burnsville,MN,different,same,Minneapolis,,MN,different,different,same,same,different,same
Linguistic survey,Help us understand how dialects spread throughout America,"language, dialect, research, sounds",different,different,same,mobile,AL,same,mobile,,AL,mobile,AL,mobile,AL,mobile,AL,mobile,AL,different,same,mobile,,AL,different,same,same,same,different,different
Linguistic survey,Help us understand how dialects spread throughout America,"language, dialect, research, sounds",different,different,same,Daytona Beach,FL,different,Seffner,,FL,Ft. Bragg,NC,Columbus,GA,Columbus,GA,Tacoma Park,MD,different,different,Thomasville,,GA,different,same,same,different,different,same
Linguistic survey,Help us understand how dialects spread throughout America,"language, dialect, research, sounds",different,same,same,Huntsville,AL,same,Tacoma,,WA,Huntsville,AL,Huntsville,AL,Huntsville,AL,Huntsville,AL,same,same,Bristol,,VA,same,same,same,same,different,same
Linguistic survey,Help us understand how dialects spread throughout America,"language, dialect, research, sounds",different,different,different,Lubbock,TX,same,Skellytown,,TX,Amarillo,TX,Papillion,NE,Velma,OK,Dumas,TX,different,different,Velma,,OK,same,same,same,different,different,same
Linguistic survey,Help us understand how dialects spread throughout America,"language, dialect, research, sounds",different,different,different,Virginia Beach,VA,same,New York City,,NY,Portsmouth,VA,Portsmouth,VA,Portsmouth,VA,Portsmouth,VA,different,different,Tarboro,,NC,different,different,,different,different,same
Linguistic survey,Help us understand how dialects spread throughout America,"language, dialect, research, sounds",different,different,different,Houston,TX,same,,,Outside,,Outside,,Outside,,Outside,,Outside,same,different,,,Outside,same,same,different,same,same,same
Linguistic survey,Help us understand how dialects spread throughout America,"language, dialect, research, sounds",different,same,same,Carbondale,IL,same,Bowling Green,,KY,Bloomsburg,PA,Bloomsburg,PA,Bloomsburg,PA,Bloomsburg,PA,same,same,Bloomsburg,,PA,same,same,same,same,different,same
Linguistic survey,Help us understand how dialects spread throughout America,"language, dialect, research, sounds",different,same,same,Austin,TX,same,Houston,,TX,Los Angeles,CA,Austin,TX,Austin,TX,Los Angeles,CA,same,same,Williston,,ND,same,same,same,same,same,same
Linguistic survey,Help us understand how dialects spread throughout America,"language, dialect, research, sounds",different,different,same,Southfield,MI,different,Gladstone,,MI,De Pere,WI,De Pere,WI,De Pere,WI,De Pere,WI,same,same,Wauseon,,OH,different,same,same,different,different,same
Linguistic survey,Help us understand how dialects spread throughout America,"language, dialect, research, sounds",different,different,different,Miami,FL,same,Detroit,,MI,Calusa,FL,Killiam,FL,Arvida,FL,Grosspoint,MI,same,same,Barranquillla,Colombia,Outside,same,different,same,different,different,different
Linguistic survey,Help us understand how dialects spread throughout America,"language, dialect, research, sounds",different,different,different,Chicago,IL,different,Chicago,,IL,Chicago,IL,Chicago,IL,Chicago,IL,Chicago,IL,different,different,Chicago,,IL,different,same,same,different,different,same
Linguistic survey,Help us understand how dialects spread throughout America,"language, dialect, research, sounds",different,different,same,Bristol,VA,different,Grundy,,VA,Abingdon,VA,Abingdon,VA,Abingdon,VA,Abingdon,VA,different,same,Grundy,,VA,same,same,same,different,different,same
Linguistic survey,Help us understand how dialects spread throughout America,"language, dialect, research, sounds",different,different,same,Denver,CO,different,Glen Ullin,,ND,Riverton,WY,Riverton,WY,Riverton,WY,Riverton,WY,same,same,Elgin,,ND,same,same,same,different,different,
Linguistic survey,Help us understand how dialects spread throughout America,"language, dialect, research, sounds",different,different,different,Decatur,GA,different,Auburn,,AL,Tuskegee,AL,Tuskegee,AL,Tuskegee,AL,Tuskegee,AL,different,different,Camden,,NJ,same,same,different,different,different,same
Linguistic survey,Help us understand how dialects spread throughout America,"language, dialect, research, sounds",different,same,same,merced,CA,same,merced,,CA,merced,CA,merced,CA,merced,CA,merced,CA,same,same,merced,,CA,same,same,same,same,same,same
Linguistic survey,Help us understand how dialects spread throughout America,"language, dialect, research, sounds",different,different,different,St. Charles,MO,different,Maryland Heights,,MO,O'Fallon,MO,O'Fallon,MO,O'Fallon,MO,St. Peters,MO,different,different,Maryland Heights,,MO,different,same,same,different,different,same
Linguistic survey,Help us understand how dialects spread throughout America,"language, dialect, research, sounds",different,different,same,scottsville,KY,different,franklin,,KY,franklin,KY,franklin,KY,franklin,KY,franklin,KY,different,same,franklin,,KY,different,different,same,different,different,same
Linguistic survey,Help us understand how dialects spread throughout America,"language, dialect, research, sounds",different,different,same,oregon,OH,different,toledo,,OH,toledo,OH,toledo,LA,toledo,OH,toledo,OH,different,same,toledo,,OH,different,same,same,different,different,same
Linguistic survey,Help us understand how dialects spread throughout America,"language, dialect, research, sounds",same,different,same,Houston,TX,same,,Philippines,Outside,,Outside,,Outside,,Outside,,Outside,different,same,,Philippines,Outside,same,same,same,same,different,same
Linguistic survey,Help us understand how dialects spread throughout America,"language, dialect, research, sounds",different,same,same,St Paul,MN,same,Aledo,,IL,Aurora,MN,Lindstrom,MN,Lindstrom,MN,Hoyt Lakes,MN,same,same,Viola,,IL,different,same,same,same,same,same
Linguistic survey,Help us understand how dialects spread throughout America,"language, dialect, research, sounds",different,same,same,Newport,KY,same,Dayton,,KY,Grandview Elementary,KY,Bellevue High School,KY,Bellevue High School,KY,,KY,same,same,Dayton,,KY,same,same,same,same,different,different
Linguistic survey,Help us understand how dialects spread throughout America,"language, dialect, research, sounds",different,same,same,Louisville,KY,same,Louisville,,KY,Louisville,KY,Buckner,KY,Buckner,KY,Louisville,KY,different,same,Louisville,,KY,same,same,same,same,different,different
Linguistic survey,Help us understand how dialects spread throughout America,"language, dialect, research, sounds",different,different,different,grand rapids,MI,different,mainstee,usa,MI,wyoming,MI,wyoming,MI,wyoming,MI,grandrapids,MI,same,different,wyoming,dutch east indies,MI,different,different,different,same,different,different
Linguistic survey,Help us understand how dialects spread throughout America,"language, dialect, research, sounds",different,different,different,Williamsport,PA,different,Middleport,,PA,Willingboro,NJ,Laporte,PA,Laporte,PA,Willingboro,NJ,different,same,Paris,France,Outside,same,same,same,different,different,same
Linguistic survey,Help us understand how dialects spread throughout America,"language, dialect, research, sounds",different,same,same,Fargo,ND,same,MInot,,ND,minot,ND,minot,ND,minot,ND,minot,ND,same,same,Minot,,ND,same,same,same,same,same,same
Linguistic survey,Help us understand how dialects spread throughout America,"language, dialect, research, sounds",different,different,different,Cincinnati,OH,different,Cincinnati,,OH,Cincinnati,OH,Cincinnati,OH,Cincinnati,OH,Cincinnati,OH,different,same,Cincinnati,,OH,same,same,same,same,different,same
Linguistic survey,Help us understand how dialects spread throughout America,"language, dialect, research, sounds",different,different,different,Waterbury,CT,different,New Haven,,CT,New Haven,CT,New Haven,CT,New Haven,CT,New Haven,CT,different,different,Wallingford,,CT,different,same,same,different,different,same
Linguistic survey,Help us understand how dialects spread throughout America,"language, dialect, research, sounds",different,same,different,Murfreesboro,TN,same,Nashville,,TN,Murfreesboro,TN,Murfreesboro,TN,Murfreesboro,TN,Murfreesboro,TN,different,same,Nashville,,TN,same,same,same,same,different,same
Linguistic survey,Help us understand how dialects spread throughout America,"language, dialect, research, sounds",different,same,same,Nashville,TN,same,Paris,,TN,Paris,TN,Paris,TN,Paris,TN,Paris,TN,different,same,Paris,,TN,same,same,same,same,different,same
Linguistic survey,Help us understand how dialects spread throughout America,"language, dialect, research, sounds",different,different,different,Cortland,NY,different,Newark,,NY,Canastota,NY,Canastota,NY,Canastota,NY,Canastota,NY,different,different,Syracuse,,NY,same,same,same,different,different,same
Linguistic survey,Help us understand how dialects spread throughout America,"language, dialect, research, sounds",different,different,different,PARMA,ID,different,CLEVELAND,,OH,CLEVELAND,OH,APPLE CREEK,OH,APPLE CREEK,OH,Cleveland,OH,different,different,PORTLAND,,ME,same,same,same,different,different,same
Linguistic survey,Help us understand how dialects spread throughout America,"language, dialect, research, sounds",different,same,same,Tucson,AZ,same,Seattle,,WA,Vancouver,WA,Vancouver,WA,Vancouver,WA,Vancouver,WA,same,same,Seattle,,WA,same,same,same,same,same,same
Linguistic survey,Help us understand how dialects spread throughout America,"language, dialect, research, sounds",different,different,different,Jamaica,NY,different,,Trinidad,AL,Jamaica,NY,Jamaica,NY,Jamaica,NY,,Outside,different,different,,Trinidad,AL,same,same,different,different,different,same
Linguistic survey,Help us understand how dialects spread throughout America,"language, dialect, research, sounds",different,different,different,bridgeport,CT,different,Brooklyn,,NY,wilbur cross,CT,central,CT,read middle,CT,wheeler,CT,different,different,Bridgeport,,CT,different,different,same,different,different,same
Linguistic survey,Help us understand how dialects spread throughout America,"language, dialect, research, sounds",different,same,same,gilbert,AZ,same,bellingham,,WA,lynden,WA,florence,AZ,chandler,AZ,lynden,WA,same,different,lynden,,WA,same,same,same,same,same,same
Linguistic survey,Help us understand how dialects spread throughout America,"language, dialect, research, sounds",different,different,different,Pima,AZ,different,Pima,,AZ,Pima,AZ,Mesa,AZ,Pima,AZ,Pima,AZ,different,different,Pima,,AZ,different,different,same,different,different,same
Linguistic survey,Help us understand how dialects spread throughout America,"language, dialect, research, sounds",different,same,same,Columbus,OH,different,Alliance,,OH,Columbus,OH,Columbus,OH,Columbus,OH,Columbus,OH,same,same,Mount Vernon,,OH,same,different,same,same,different,same
Linguistic survey,Help us understand how dialects spread throughout America,"language, dialect, research, sounds",different,same,same,Decatur,GA,same,Chattanooga,,TN,Douglasville,GA,Hiram,GA,Hiram,GA,Douglasville,GA,different,same,Frankfurt-Oder,Germany,Outside,same,same,same,same,same,same
Linguistic survey,Help us understand how dialects spread throughout America,"language, dialect, research, sounds",different,same,same,Milwaukee,WI,different,Owensboro,,KY,Round Lake Beach,IL,Round Lake Beach,IL,Round Lake Beach,IL,ROund Lake Beach,IL,different,same,Bowling Green,,KY,different,same,same,same,different,same
Linguistic survey,Help us understand how dialects spread throughout America,"language, dialect, research, sounds",different,same,same,Westminster,CA,different,Westminster,,CA,Westminster,CA,Westminster,CA,Westminster,CA,Westminster,CA,different,same,Westminster,,CA,same,same,different,same,same,different
Linguistic survey,Help us understand how dialects spread throughout America,"language, dialect, research, sounds",different,different,same,Netcong,NJ,same,Netcong,,NJ,Netcong,NJ,Netcong,NJ,Netcong,NJ,Netcong,NJ,different,different,East Vandergrift,,PA,different,same,same,different,different,same
Linguistic survey,Help us understand how dialects spread throughout America,"language, dialect, research, sounds",different,same,same,Knoxville,TN,different,Knoxville,United States,TN,Halls,TN,Knoxville,TN,Knoxville,TN,Maryville,TN,different,same,Knoxville,United States,TN,same,different,same,same,different,same
Linguistic survey,Help us understand how dialects spread throughout America,"language, dialect, research, sounds",same,different,different,iowa cty,IA,different,kansas city,,IA,kansas city,KS,kansas city,KS,kansas city,KS,kansas city,KS,different,same,kansas city,,IA,different,different,different,same,same,different
Linguistic survey,Help us understand how dialects spread throughout America,"language, dialect, research, sounds",different,different,different,Jersey City,NJ,different,Seoul,South Korea,Outside,North Bergen,NJ,North Bergen,NJ,North Bergen,NJ,North Bergen,NJ,different,same,Daejeon,South Korea,Outside,different,same,same,different,different,same
Linguistic survey,Help us understand how dialects spread throughout America,"language, dialect, research, sounds",different,same,same,Augusta,GA,different,Healdsburg,,CA,Rome,GA,Atlanta,GA,Rome,GA,Rome,GA,different,same,Healdsburg,,CA,same,same,same,same,different,same
Linguistic survey,Help us understand how dialects spread throughout America,"language, dialect, research, sounds",different,same,same,Orange,CA,same,Newport News,,VA,Orange,CA,Orange,CA,Orange,CA,Orange,CA,different,same,Norfolk,,VA,same,same,same,same,different,same
Linguistic survey,Help us understand how dialects spread throughout America,"language, dialect, research, sounds",different,same,same,Fort Lee,NJ,same,Manila,Philippines,Outside,Fort Lee,NJ,Fort Lee,NJ,Fort Lee,NJ,New City,NY,different,same,Manila,Philippines,Outside,same,same,same,same,same,same
Linguistic survey,Help us understand how dialects spread throughout America,"language, dialect, research, sounds",different,different,different,Buffalo,NY,different,Buffalo,,NY,Buffalo,NY,Buffalo,NY,Buffalo,NY,Buffalo,NY,different,different,Buffalo,,NY,different,same,same,different,different,same
Linguistic survey,Help us understand how dialects spread throughout America,"language, dialect, research, sounds",different,same,same,Carrollton,GA,same,Mt. Clemens,United States,MI,Albuquerque,NM,Oklahoma City,OK,Midwest City,OK,Albuquerque,NM,same,same,Milton,United States,FL,same,same,same,same,same,same
Linguistic survey,Help us understand how dialects spread throughout America,"language, dialect, research, sounds",different,same,different,Evansville,IN,same,Kokomo,,IN,Kokomo,IN,Kokomo,IN,Kokomo,IN,Kokomo,IN,different,same,Kokomo,,IN,same,different,same,same,different,same
Linguistic survey,Help us understand how dialects spread throughout America,"language, dialect, research, sounds",different,different,different,herkimer,NY,different,new york,,NY,new york,NY,Wantagh,NY,Springfield Gardens,NY,new york,NY,different,different,new york,,NY,different,same,same,different,different,same
Linguistic survey,Help us understand how dialects spread throughout America,"language, dialect, research, sounds",different,different,same,Kent,OH,different,Shaker Heights,,OH,Hiram,OH,Mantua,OH,Mantua,OH,Hiram,OH,different,same,Shaker Heights,,OH,same,same,same,same,same,same
Linguistic survey,Help us understand how dialects spread throughout America,"language, dialect, research, sounds",different,same,same,Springfield,IL,same,Manchester,,NH,Derry,NH,Manchester,NH,Derry,NH,Derry,NH,different,different,Conway,,NH,same,same,different,same,same,different
Linguistic survey,Help us understand how dialects spread throughout America,"language, dialect, research, sounds",different,different,different,Gurnee,IL,different,Frankline Park,,IL,Palatine,IL,Palatine,IL,Palatine,IL,Palatine,IL,different,different,Melrose Park,,IL,different,different,different,different,different,same
Linguistic survey,Help us understand how dialects spread throughout America,"language, dialect, research, sounds",different,same,same,San Antonio,TX,same,Englewood,,NJ,Niceville,FL,Niceville,FL,Niceville,FL,Pomona,CA,same,same,Brooklyn,,NY,same,same,same,same,same,different
Linguistic survey,Help us understand how dialects spread throughout America,"language, dialect, research, sounds",different,same,same,Tulsa,OK,same,Tulsa,,OK,Albuquerque,NM,Albuquerque,NM,Albuquerque,NM,Missoula,MT,different,different,Philadelphia,,PA,same,same,same,different,different,same
Linguistic survey,Help us understand how dialects spread throughout America,"language, dialect, research, sounds",different,same,same,Springdale,MD,same,Lagos,Nigeria,Outside,Landover,MD,Gambrills,MD,Landover,MD,Landover,MD,different,same,Lagos,Nigeria,Outside,same,same,same,,different,same
Linguistic survey,Help us understand how dialects spread throughout America,"language, dialect, research, sounds",different,same,same,Canon City,CO,same,Clarksville,,IN,Valsetz,OR,Falls City,OR,Falls City,OR,Valsetz,OR,different,same,Utica,,IN,same,same,different,same,same,same
Linguistic survey,Help us understand how dialects spread throughout America,"language, dialect, research, sounds",different,same,same,phoenix,AZ,different,chicago,,IL,phoenix,AZ,phoenix,AZ,phoenix,AZ,chicago,IL,different,different,chicago,,IL,different,same,same,different,different,same
Linguistic survey,Help us understand how dialects spread throughout America,"language, dialect, research, sounds",different,same,same,Independence,MO,same,Lawton,,OK,Carthage,MO,Carthage,MO,Carthage,MO,Carthage,MO,different,same,Hastings,,OK,same,same,same,same,same,same
Linguistic survey,Help us understand how dialects spread throughout America,"language, dialect, research, sounds",different,same,different,Wayne,PA,different,Egg Harbor,,NJ,Danby,VT,West Rutland,VT,West Rutland,VT,Hempstead,NY,different,same,Oswego,,NY,same,same,same,same,different,same
Linguistic survey,Help us understand how dialects spread throughout America,"language, dialect, research, sounds",different,different,different,Lake Ozark,MO,different,Chicago,,IL,Waukegan,IL,Lake Ozark,MO,Lake Ozark,MO,Waukegan,IL,different,same,Chicago,,IL,same,same,same,different,same,same
Linguistic survey,Help us understand how dialects spread throughout America,"language, dialect, research, sounds",different,different,same,Richmond,VA,same,Tappahannock,,VA,Tappahannock,VA,Tappahannock,VA,Tappahannock,VA,Tappahannock,VA,different,same,Tappahannock,,VA,same,same,same,same,different,same
Linguistic survey,Help us understand how dialects spread throughout America,"language, dialect, research, sounds",different,same,same,Windsor,CO,same,Bovey,,MN,Calumet,MN,Coleraine,MN,Bovey,MN,Nashwauk,MN,same,same,Grand Rapids,,MN,same,same,same,same,same,different
Linguistic survey,Help us understand how dialects spread throughout America,"language, dialect, research, sounds",different,same,same,La Mesa,CA,different,Cincinatti,,OH,San Diego,CA,San Diego,CA,San Diego,CA,San Diego,CA,different,same,Chicago,,IL,different,same,same,different,different,same
Linguistic survey,Help us understand how dialects spread throughout America,"language, dialect, research, sounds",different,same,same,Tucson,AZ,same,Pittsburgh,,PA,Park Dale Lane Elementary,CA,Grace Christian High School,CA,San Digueno Middle School,CA,Jacobs Elementary,MA,different,same,Allegheny County,,PA,same,same,same,same,same,same
Linguistic survey,Help us understand how dialects spread throughout America,"language, dialect, research, sounds",different,same,same,SACRAMENTO,CA,same,SACRAMENTO,,CA,AMWINN,CA,WALNUT WOOD,CA,ANTELOPE CROSSING,CA,MERRY HILL,CA,different,different,SACRAMENTO,,CA,same,same,same,same,different,different
Linguistic survey,Help us understand how dialects spread throughout America,"language, dialect, research, sounds",different,same,same,Gallatin,TN,same,Centerville,,TN,Centerville,TN,Centerville,TN,Centerville,TN,Centerville,TN,different,same,Lafayette,,TN,same,same,same,different,different,same
Linguistic survey,Help us understand how dialects spread throughout America,"language, dialect, research, sounds",different,same,same,Knoxville,TN,same,Michael Showalter,USA,TN,Glenwood,TN,Oak Ridge,TN,Jefferson/Robertsville,TN,Marlowe,TN,different,same,Myra White,USA,TN,different,same,same,different,different,same
Linguistic survey,Help us understand how dialects spread throughout America,"language, dialect, research, sounds",different,different,same,Oakland,CA,different,New York,,NY,Los Angeles,CA,Los angels,CA,Los Angeles,CA,Los Angeles,CA,different,same,New York,,NY,same,same,same,same,different,same
Linguistic survey,Help us understand how dialects spread throughout America,"language, dialect, research, sounds",different,same,same,Philadelphia,PA,different,Quincy,,IL,Quincy,IL,Quincy,IL,Quincy,IL,Cincinatti,OH,different,same,Quincy,,IL,different,different,same,different,different,same
Linguistic survey,Help us understand how dialects spread throughout America,"language, dialect, research, sounds",different,same,different,LEBANON,OH,same,Middletown,,OH,Franklin,OH,Franklin,OH,Franklin,OH,Franklin,OH,different,same,Middletown,,OH,same,different,same,same,same,same
Linguistic survey,Help us understand how dialects spread throughout America,"language, dialect, research, sounds",different,different,different,Minneapolis,MN,different,Canandaigua,,NY,Canandaigua,NY,Canandaigua,NY,Canandaigua,NY,Canandaigua,NY,different,different,San Francisco,,CA,different,same,same,different,different,same
Linguistic survey,Help us understand how dialects spread throughout America,"language, dialect, research, sounds",different,same,same,Round Rock,TX,same,Helsinki,Finland,Outside,Tucson,AZ,Tucson,AZ,Tucson,AZ,Tucson,AZ,different,same,Helsinki,Finland,Outside,same,same,same,same,same,same
Linguistic survey,Help us understand how dialects spread throughout America,"language, dialect, research, sounds",different,different,same,atlanta,GA,same,atlanta,,GA,atlanta,GA,atlanta,GA,atlanta,GA,atlanta,GA,different,same,atlanta,,GA,same,same,same,different,different,same
Linguistic survey,Help us understand how dialects spread throughout America,"language, dialect, research, sounds",different,same,different,San Francisco,CA,same,,CHina,Outside,San Francisco,CA,San Francisco,CA,San Francisco,CA,San Francisco,CA,different,same,,China,Outside,different,same,same,same,different,same
Linguistic survey,Help us understand how dialects spread throughout America,"language, dialect, research, sounds",different,same,different,San Antonio,TX,same,St Paul,,KS,McCune,KS,Carthage,MO,Parsons,KS,McCune,KS,same,same,McCune,,KS,same,same,same,same,different,same
Linguistic survey,Help us understand how dialects spread throughout America,"language, dialect, research, sounds",different,same,different,Burlington,NC,same,Winston-Salem,,NC,Walkertown,NC,Winston-Salem,NC,Walkertown,NC,Kernersville,NC,same,same,Clemmons,,NC,same,same,same,same,different,same
Linguistic survey,Help us understand how dialects spread throughout America,"language, dialect, research, sounds",different,different,different,Mounds View,MN,same,Maple Lake,,MN,Brooklyn Center,MN,Circle Pines,MN,St Louis Park,MN,Brooklyn Center,MN,same,same,Golden Valley,,MN,same,same,different,same,different,different
Linguistic survey,Help us understand how dialects spread throughout America,"language, dialect, research, sounds",different,different,different,Fair Lawn,NJ,different,Maywood,,NJ,Radburn School,NJ,FAir Lawn High School,NJ,Memorial JR High,NJ,Radburn School,NJ,different,different,Paramus,,NJ,different,same,same,different,different,same
Linguistic survey,Help us understand how dialects spread throughout America,"language, dialect, research, sounds",different,different,different,Pittsburgh,PA,different,Wellsville,,OH,Blasdell,NY,Hamburg,NY,Hamburg,NY,Blasdell,NY,different,different,Buffalo,,NY,different,same,same,different,different,same
Linguistic survey,Help us understand how dialects spread throughout America,"language, dialect, research, sounds",different,same,same,Lena,IL,same,Chicago,,IL,Hanover Park,IL,Dakota,IL,Dakota,IL,Hanover Park,IL,different,same,Des Plaines,,IL,same,same,same,same,same,same
Linguistic survey,Help us understand how dialects spread throughout America,"language, dialect, research, sounds",different,different,same,Greenwell Springs,LA,different,New Orleans,,LA,Arabi,LA,New Orleans,LA,Arabi,LA,Arabi,LA,different,same,New Orleans,,LA,different,same,same,different,different,same
Linguistic survey,Help us understand how dialects spread throughout America,"language, dialect, research, sounds",different,same,different,Kermit,WV,same,Kermit,,WV,Kermit,WV,Kermit,WV,Kermit,WV,Kermit,WV,different,different,Kermit,,WV,same,same,same,same,different,same
Linguistic survey,Help us understand how dialects spread throughout America,"language, dialect, research, sounds",different,same,same,South Fork,PA,same,Johnstown,,PA,Johnstown,PA,Johnstown,PA,South Fork,PA,Johnstown,PA,different,same,Johnstown,,PA,same,same,same,same,same,same
Linguistic survey,Help us understand how dialects spread throughout America,"language, dialect, research, sounds",different,same,same,Chula Vista,CA,same,Olongapo,Philippines,Outside,Chula Vista,CA,Chula Vista,CA,Chula Vista,CA,Chula Vista,CA,same,same,Laguna,Philippines,Outside,same,same,same,same,same,same
Linguistic survey,Help us understand how dialects spread throughout America,"language, dialect, research, sounds",different,same,same,Lincoln,NE,same,Grand Island,,NE,Lincoln,NE,Lincoln,NE,Lincoln,NE,Lincoln,NE,same,same,Grand Island,,NE,same,same,same,same,same,same
Linguistic survey,Help us understand how dialects spread throughout America,"language, dialect, research, sounds",different,different,same,Washington,DC,different,Washington,,DC,Adelphi,MD,Beltsville,MD,Adelphi,MD,Adelphi,MD,different,different,Rochester,,NY,different,same,same,different,different,same
Linguistic survey,Help us understand how dialects spread throughout America,"language, dialect, research, sounds",different,different,same,,IN,different,,,IN,,IN,,IN,,CA,,IN,different,different,,,IN,same,same,same,different,different,same
Linguistic survey,Help us understand how dialects spread throughout America,"language, dialect, research, sounds",different,different,different,Fulton,NY,different,Camillus,,NY,Camillus,NY,Camillus,NY,Camillus,NY,Jordan,NY,different,different,Jordan,,NY,different,same,same,different,different,same
Linguistic survey,Help us understand how dialects spread throughout America,"language, dialect, research, sounds",different,different,same,Aloha,OR,different,Windsor Locks,,CT,Bellows Falls,VT,Bellows Falls,VT,Bellows Falls,VT,Enfield,CT,same,same,Enfield,,CT,same,same,same,different,same,same
Linguistic survey,Help us understand how dialects spread throughout America,"language, dialect, research, sounds",different,different,same,providence,RI,different,chicago,,IL,boston,MA,boston,MA,boston,MA,boston,MA,different,different,chicago,,IL,different,same,same,different,same,same
Linguistic survey,Help us understand how dialects spread throughout America,"language, dialect, research, sounds",different,different,different,st louis,MO,different,st louis,,MO,st louis,MO,st louis,MO,st louis,MO,st louis,MO,different,different,st louis,,MO,different,same,same,different,different,same
Linguistic survey,Help us understand how dialects spread throughout America,"language, dialect, research, sounds",different,same,same,Jasper,GA,same,Austin,,MN,San Diego,CA,Grapevine,TX,San Diego,CA,Las Vegas,NV,same,same,Aitkin,,MN,same,same,same,same,same,same
Linguistic survey,Help us understand how dialects spread throughout America,"language, dialect, research, sounds",different,same,same,Athens,GA,same,,,OK,Athens,GA,Athens,GA,Athens,GA,Athens,GA,same,same,,,TX,same,same,same,same,different,same
Linguistic survey,Help us understand how dialects spread throughout America,"language, dialect, research, sounds",different,different,different,Cheektowaga,NY,different,Alden,,NY,Clarence,NY,Clarence,NY,Clarence,NY,Clarence,NY,different,same,Cheektowaga,,NY,different,same,same,different,different,same
Linguistic survey,Help us understand how dialects spread throughout America,"language, dialect, research, sounds",different,different,different,Chesterfield,VA,different,Paris,,IN,Chesterfield,VA,Chesterfield,VA,Chesterfield,VA,Chesterfield,VA,different,different,Raleigh,,NC,different,different,different,different,different,different
